[2021-09-01 23:09:14,985] INFO [Controller id=0 epoch=1] Sending UpdateMetadata request to brokers HashSet(0) for 0 partitions (state.change.logger)
[2021-09-01 23:09:37,932] INFO [Controller id=0 epoch=1] Sending UpdateMetadata request to brokers HashSet(0) for 0 partitions (state.change.logger)
[2021-09-01 23:09:37,933] INFO [Controller id=0 epoch=1] Sending UpdateMetadata request to brokers HashSet(1) for 0 partitions (state.change.logger)
[2021-09-01 23:09:58,199] INFO [Controller id=0 epoch=1] Sending UpdateMetadata request to brokers HashSet(0, 1) for 0 partitions (state.change.logger)
[2021-09-01 23:09:58,199] INFO [Controller id=0 epoch=1] Sending UpdateMetadata request to brokers HashSet(2) for 0 partitions (state.change.logger)
[2021-09-01 23:10:08,994] INFO [Controller id=0 epoch=1] Changed partition ShowOrder-0 state from NonExistentPartition to NewPartition with assigned replicas 0,2,1 (state.change.logger)
[2021-09-01 23:10:08,994] INFO [Controller id=0 epoch=1] Sending UpdateMetadata request to brokers HashSet() for 0 partitions (state.change.logger)
[2021-09-01 23:10:08,997] INFO [Controller id=0 epoch=1] Sending UpdateMetadata request to brokers HashSet() for 0 partitions (state.change.logger)
[2021-09-01 23:10:09,016] INFO [Controller id=0 epoch=1] Changed partition ShowOrder-0 from NewPartition to OnlinePartition with state LeaderAndIsr(leader=0, leaderEpoch=0, isr=List(0, 2, 1), zkVersion=0) (state.change.logger)
[2021-09-01 23:10:09,018] INFO [Controller id=0 epoch=1] Sending LeaderAndIsr request to broker 0 with 1 become-leader and 0 become-follower partitions (state.change.logger)
[2021-09-01 23:10:09,020] INFO [Controller id=0 epoch=1] Sending LeaderAndIsr request to broker 1 with 0 become-leader and 1 become-follower partitions (state.change.logger)
[2021-09-01 23:10:09,020] INFO [Controller id=0 epoch=1] Sending LeaderAndIsr request to broker 2 with 0 become-leader and 1 become-follower partitions (state.change.logger)
[2021-09-01 23:10:09,020] INFO [Controller id=0 epoch=1] Sending UpdateMetadata request to brokers HashSet(0, 1, 2) for 1 partitions (state.change.logger)
[2021-09-01 23:10:09,021] INFO [Controller id=0 epoch=1] Sending UpdateMetadata request to brokers HashSet() for 0 partitions (state.change.logger)
[2021-09-01 23:10:09,024] INFO [Broker id=0] Handling LeaderAndIsr request correlationId 3 from controller 0 for 1 partitions (state.change.logger)
[2021-09-01 23:10:09,025] INFO [Broker id=1] Handling LeaderAndIsr request correlationId 2 from controller 0 for 1 partitions (state.change.logger)
[2021-09-01 23:10:09,026] INFO [Broker id=2] Handling LeaderAndIsr request correlationId 1 from controller 0 for 1 partitions (state.change.logger)
[2021-09-01 23:10:09,043] INFO [Broker id=0] Stopped fetchers as part of LeaderAndIsr request correlationId 3 from controller 0 epoch 1 as part of the become-leader transition for 1 partitions (state.change.logger)
[2021-09-01 23:10:09,108] INFO [Broker id=1] Follower ShowOrder-0 starts at leader epoch 0 from offset 0 with high watermark 0. Previous leader epoch was -1. (state.change.logger)
[2021-09-01 23:10:09,110] INFO [Broker id=1] Stopped fetchers as part of become-follower request from controller 0 epoch 1 with correlation id 2 for 1 partitions (state.change.logger)
[2021-09-01 23:10:09,119] INFO [Broker id=2] Follower ShowOrder-0 starts at leader epoch 0 from offset 0 with high watermark 0. Previous leader epoch was -1. (state.change.logger)
[2021-09-01 23:10:09,120] INFO [Broker id=0] Leader ShowOrder-0 starts at leader epoch 0 from offset 0 with high watermark 0 ISR [0,2,1] addingReplicas [] removingReplicas []. Previous leader epoch was -1. (state.change.logger)
[2021-09-01 23:10:09,121] INFO [Broker id=2] Stopped fetchers as part of become-follower request from controller 0 epoch 1 with correlation id 1 for 1 partitions (state.change.logger)
[2021-09-01 23:10:09,144] INFO [Broker id=0] Add 1 partitions and deleted 0 partitions from metadata cache in response to UpdateMetadata request sent by controller 0 epoch 1 with correlation id 4 (state.change.logger)
[2021-09-01 23:10:09,148] INFO [Broker id=1] Add 1 partitions and deleted 0 partitions from metadata cache in response to UpdateMetadata request sent by controller 0 epoch 1 with correlation id 3 (state.change.logger)
[2021-09-01 23:10:09,169] INFO [Broker id=2] Add 1 partitions and deleted 0 partitions from metadata cache in response to UpdateMetadata request sent by controller 0 epoch 1 with correlation id 2 (state.change.logger)
[2021-09-01 23:10:10,675] INFO [Controller id=0 epoch=1] Changed partition OrderCreation-0 state from NonExistentPartition to NewPartition with assigned replicas 1,0,2 (state.change.logger)
[2021-09-01 23:10:10,676] INFO [Controller id=0 epoch=1] Sending UpdateMetadata request to brokers HashSet() for 0 partitions (state.change.logger)
[2021-09-01 23:10:10,676] INFO [Controller id=0 epoch=1] Sending UpdateMetadata request to brokers HashSet() for 0 partitions (state.change.logger)
[2021-09-01 23:10:10,685] INFO [Controller id=0 epoch=1] Changed partition OrderCreation-0 from NewPartition to OnlinePartition with state LeaderAndIsr(leader=1, leaderEpoch=0, isr=List(1, 0, 2), zkVersion=0) (state.change.logger)
[2021-09-01 23:10:10,685] INFO [Controller id=0 epoch=1] Sending LeaderAndIsr request to broker 0 with 0 become-leader and 1 become-follower partitions (state.change.logger)
[2021-09-01 23:10:10,685] INFO [Controller id=0 epoch=1] Sending LeaderAndIsr request to broker 1 with 1 become-leader and 0 become-follower partitions (state.change.logger)
[2021-09-01 23:10:10,685] INFO [Controller id=0 epoch=1] Sending LeaderAndIsr request to broker 2 with 0 become-leader and 1 become-follower partitions (state.change.logger)
[2021-09-01 23:10:10,686] INFO [Controller id=0 epoch=1] Sending UpdateMetadata request to brokers HashSet(0, 1, 2) for 1 partitions (state.change.logger)
[2021-09-01 23:10:10,686] INFO [Controller id=0 epoch=1] Sending UpdateMetadata request to brokers HashSet() for 0 partitions (state.change.logger)
[2021-09-01 23:10:10,687] INFO [Broker id=0] Handling LeaderAndIsr request correlationId 5 from controller 0 for 1 partitions (state.change.logger)
[2021-09-01 23:10:10,687] INFO [Broker id=1] Handling LeaderAndIsr request correlationId 4 from controller 0 for 1 partitions (state.change.logger)
[2021-09-01 23:10:10,687] INFO [Broker id=2] Handling LeaderAndIsr request correlationId 3 from controller 0 for 1 partitions (state.change.logger)
[2021-09-01 23:10:10,692] INFO [Broker id=1] Stopped fetchers as part of LeaderAndIsr request correlationId 4 from controller 0 epoch 1 as part of the become-leader transition for 1 partitions (state.change.logger)
[2021-09-01 23:10:10,697] INFO [Broker id=2] Follower OrderCreation-0 starts at leader epoch 0 from offset 0 with high watermark 0. Previous leader epoch was -1. (state.change.logger)
[2021-09-01 23:10:10,698] INFO [Broker id=2] Stopped fetchers as part of become-follower request from controller 0 epoch 1 with correlation id 3 for 1 partitions (state.change.logger)
[2021-09-01 23:10:10,702] INFO [Broker id=0] Follower OrderCreation-0 starts at leader epoch 0 from offset 0 with high watermark 0. Previous leader epoch was -1. (state.change.logger)
[2021-09-01 23:10:10,703] INFO [Broker id=0] Stopped fetchers as part of become-follower request from controller 0 epoch 1 with correlation id 5 for 1 partitions (state.change.logger)
[2021-09-01 23:10:10,705] INFO [Broker id=1] Leader OrderCreation-0 starts at leader epoch 0 from offset 0 with high watermark 0 ISR [1,0,2] addingReplicas [] removingReplicas []. Previous leader epoch was -1. (state.change.logger)
[2021-09-01 23:10:10,707] INFO [Broker id=2] Add 1 partitions and deleted 0 partitions from metadata cache in response to UpdateMetadata request sent by controller 0 epoch 1 with correlation id 4 (state.change.logger)
[2021-09-01 23:10:10,726] INFO [Broker id=1] Add 1 partitions and deleted 0 partitions from metadata cache in response to UpdateMetadata request sent by controller 0 epoch 1 with correlation id 5 (state.change.logger)
[2021-09-01 23:10:10,727] INFO [Broker id=0] Add 1 partitions and deleted 0 partitions from metadata cache in response to UpdateMetadata request sent by controller 0 epoch 1 with correlation id 6 (state.change.logger)
[2021-09-01 23:10:12,250] INFO [Controller id=0 epoch=1] Changed partition UpdateQuantityItem-0 state from NonExistentPartition to NewPartition with assigned replicas 0,2,1 (state.change.logger)
[2021-09-01 23:10:12,250] INFO [Controller id=0 epoch=1] Sending UpdateMetadata request to brokers HashSet() for 0 partitions (state.change.logger)
[2021-09-01 23:10:12,251] INFO [Controller id=0 epoch=1] Sending UpdateMetadata request to brokers HashSet() for 0 partitions (state.change.logger)
[2021-09-01 23:10:12,257] INFO [Controller id=0 epoch=1] Changed partition UpdateQuantityItem-0 from NewPartition to OnlinePartition with state LeaderAndIsr(leader=0, leaderEpoch=0, isr=List(0, 2, 1), zkVersion=0) (state.change.logger)
[2021-09-01 23:10:12,258] INFO [Controller id=0 epoch=1] Sending LeaderAndIsr request to broker 0 with 1 become-leader and 0 become-follower partitions (state.change.logger)
[2021-09-01 23:10:12,258] INFO [Controller id=0 epoch=1] Sending LeaderAndIsr request to broker 1 with 0 become-leader and 1 become-follower partitions (state.change.logger)
[2021-09-01 23:10:12,258] INFO [Controller id=0 epoch=1] Sending LeaderAndIsr request to broker 2 with 0 become-leader and 1 become-follower partitions (state.change.logger)
[2021-09-01 23:10:12,258] INFO [Controller id=0 epoch=1] Sending UpdateMetadata request to brokers HashSet(0, 1, 2) for 1 partitions (state.change.logger)
[2021-09-01 23:10:12,259] INFO [Controller id=0 epoch=1] Sending UpdateMetadata request to brokers HashSet() for 0 partitions (state.change.logger)
[2021-09-01 23:10:12,259] INFO [Broker id=0] Handling LeaderAndIsr request correlationId 7 from controller 0 for 1 partitions (state.change.logger)
[2021-09-01 23:10:12,259] INFO [Broker id=2] Handling LeaderAndIsr request correlationId 5 from controller 0 for 1 partitions (state.change.logger)
[2021-09-01 23:10:12,259] INFO [Broker id=1] Handling LeaderAndIsr request correlationId 6 from controller 0 for 1 partitions (state.change.logger)
[2021-09-01 23:10:12,261] INFO [Broker id=0] Stopped fetchers as part of LeaderAndIsr request correlationId 7 from controller 0 epoch 1 as part of the become-leader transition for 1 partitions (state.change.logger)
[2021-09-01 23:10:12,267] INFO [Broker id=0] Leader UpdateQuantityItem-0 starts at leader epoch 0 from offset 0 with high watermark 0 ISR [0,2,1] addingReplicas [] removingReplicas []. Previous leader epoch was -1. (state.change.logger)
[2021-09-01 23:10:12,268] INFO [Broker id=2] Follower UpdateQuantityItem-0 starts at leader epoch 0 from offset 0 with high watermark 0. Previous leader epoch was -1. (state.change.logger)
[2021-09-01 23:10:12,268] INFO [Broker id=2] Stopped fetchers as part of become-follower request from controller 0 epoch 1 with correlation id 5 for 1 partitions (state.change.logger)
[2021-09-01 23:10:12,271] INFO [Broker id=1] Follower UpdateQuantityItem-0 starts at leader epoch 0 from offset 0 with high watermark 0. Previous leader epoch was -1. (state.change.logger)
[2021-09-01 23:10:12,271] INFO [Broker id=1] Stopped fetchers as part of become-follower request from controller 0 epoch 1 with correlation id 6 for 1 partitions (state.change.logger)
[2021-09-01 23:10:12,271] INFO [Broker id=2] Add 1 partitions and deleted 0 partitions from metadata cache in response to UpdateMetadata request sent by controller 0 epoch 1 with correlation id 6 (state.change.logger)
[2021-09-01 23:10:12,274] INFO [Broker id=0] Add 1 partitions and deleted 0 partitions from metadata cache in response to UpdateMetadata request sent by controller 0 epoch 1 with correlation id 8 (state.change.logger)
[2021-09-01 23:10:12,275] INFO [Broker id=1] Add 1 partitions and deleted 0 partitions from metadata cache in response to UpdateMetadata request sent by controller 0 epoch 1 with correlation id 7 (state.change.logger)
[2021-09-01 23:10:13,787] INFO [Controller id=0 epoch=1] Changed partition ShowItem-0 state from NonExistentPartition to NewPartition with assigned replicas 0,1,2 (state.change.logger)
[2021-09-01 23:10:13,787] INFO [Controller id=0 epoch=1] Sending UpdateMetadata request to brokers HashSet() for 0 partitions (state.change.logger)
[2021-09-01 23:10:13,787] INFO [Controller id=0 epoch=1] Sending UpdateMetadata request to brokers HashSet() for 0 partitions (state.change.logger)
[2021-09-01 23:10:13,793] INFO [Controller id=0 epoch=1] Changed partition ShowItem-0 from NewPartition to OnlinePartition with state LeaderAndIsr(leader=0, leaderEpoch=0, isr=List(0, 1, 2), zkVersion=0) (state.change.logger)
[2021-09-01 23:10:13,793] INFO [Controller id=0 epoch=1] Sending LeaderAndIsr request to broker 0 with 1 become-leader and 0 become-follower partitions (state.change.logger)
[2021-09-01 23:10:13,793] INFO [Controller id=0 epoch=1] Sending LeaderAndIsr request to broker 1 with 0 become-leader and 1 become-follower partitions (state.change.logger)
[2021-09-01 23:10:13,793] INFO [Controller id=0 epoch=1] Sending LeaderAndIsr request to broker 2 with 0 become-leader and 1 become-follower partitions (state.change.logger)
[2021-09-01 23:10:13,794] INFO [Controller id=0 epoch=1] Sending UpdateMetadata request to brokers HashSet(0, 1, 2) for 1 partitions (state.change.logger)
[2021-09-01 23:10:13,794] INFO [Broker id=0] Handling LeaderAndIsr request correlationId 9 from controller 0 for 1 partitions (state.change.logger)
[2021-09-01 23:10:13,794] INFO [Broker id=1] Handling LeaderAndIsr request correlationId 8 from controller 0 for 1 partitions (state.change.logger)
[2021-09-01 23:10:13,795] INFO [Controller id=0 epoch=1] Sending UpdateMetadata request to brokers HashSet() for 0 partitions (state.change.logger)
[2021-09-01 23:10:13,795] INFO [Broker id=2] Handling LeaderAndIsr request correlationId 7 from controller 0 for 1 partitions (state.change.logger)
[2021-09-01 23:10:13,796] INFO [Broker id=0] Stopped fetchers as part of LeaderAndIsr request correlationId 9 from controller 0 epoch 1 as part of the become-leader transition for 1 partitions (state.change.logger)
[2021-09-01 23:10:13,801] INFO [Broker id=2] Follower ShowItem-0 starts at leader epoch 0 from offset 0 with high watermark 0. Previous leader epoch was -1. (state.change.logger)
[2021-09-01 23:10:13,802] INFO [Broker id=2] Stopped fetchers as part of become-follower request from controller 0 epoch 1 with correlation id 7 for 1 partitions (state.change.logger)
[2021-09-01 23:10:13,803] INFO [Broker id=0] Leader ShowItem-0 starts at leader epoch 0 from offset 0 with high watermark 0 ISR [0,1,2] addingReplicas [] removingReplicas []. Previous leader epoch was -1. (state.change.logger)
[2021-09-01 23:10:13,805] INFO [Broker id=1] Follower ShowItem-0 starts at leader epoch 0 from offset 0 with high watermark 0. Previous leader epoch was -1. (state.change.logger)
[2021-09-01 23:10:13,805] INFO [Broker id=1] Stopped fetchers as part of become-follower request from controller 0 epoch 1 with correlation id 8 for 1 partitions (state.change.logger)
[2021-09-01 23:10:13,806] INFO [Broker id=2] Add 1 partitions and deleted 0 partitions from metadata cache in response to UpdateMetadata request sent by controller 0 epoch 1 with correlation id 8 (state.change.logger)
[2021-09-01 23:10:13,807] INFO [Broker id=0] Add 1 partitions and deleted 0 partitions from metadata cache in response to UpdateMetadata request sent by controller 0 epoch 1 with correlation id 10 (state.change.logger)
[2021-09-01 23:10:13,808] INFO [Broker id=1] Add 1 partitions and deleted 0 partitions from metadata cache in response to UpdateMetadata request sent by controller 0 epoch 1 with correlation id 9 (state.change.logger)
[2021-09-01 23:10:15,338] INFO [Controller id=0 epoch=1] Changed partition NotifyCompleteShipping-0 state from NonExistentPartition to NewPartition with assigned replicas 1,0,2 (state.change.logger)
[2021-09-01 23:10:15,338] INFO [Controller id=0 epoch=1] Sending UpdateMetadata request to brokers HashSet() for 0 partitions (state.change.logger)
[2021-09-01 23:10:15,339] INFO [Controller id=0 epoch=1] Sending UpdateMetadata request to brokers HashSet() for 0 partitions (state.change.logger)
[2021-09-01 23:10:15,346] INFO [Controller id=0 epoch=1] Changed partition NotifyCompleteShipping-0 from NewPartition to OnlinePartition with state LeaderAndIsr(leader=1, leaderEpoch=0, isr=List(1, 0, 2), zkVersion=0) (state.change.logger)
[2021-09-01 23:10:15,346] INFO [Controller id=0 epoch=1] Sending LeaderAndIsr request to broker 0 with 0 become-leader and 1 become-follower partitions (state.change.logger)
[2021-09-01 23:10:15,346] INFO [Controller id=0 epoch=1] Sending LeaderAndIsr request to broker 1 with 1 become-leader and 0 become-follower partitions (state.change.logger)
[2021-09-01 23:10:15,346] INFO [Controller id=0 epoch=1] Sending LeaderAndIsr request to broker 2 with 0 become-leader and 1 become-follower partitions (state.change.logger)
[2021-09-01 23:10:15,346] INFO [Controller id=0 epoch=1] Sending UpdateMetadata request to brokers HashSet(0, 1, 2) for 1 partitions (state.change.logger)
[2021-09-01 23:10:15,346] INFO [Controller id=0 epoch=1] Sending UpdateMetadata request to brokers HashSet() for 0 partitions (state.change.logger)
[2021-09-01 23:10:15,347] INFO [Broker id=0] Handling LeaderAndIsr request correlationId 11 from controller 0 for 1 partitions (state.change.logger)
[2021-09-01 23:10:15,347] INFO [Broker id=1] Handling LeaderAndIsr request correlationId 10 from controller 0 for 1 partitions (state.change.logger)
[2021-09-01 23:10:15,347] INFO [Broker id=2] Handling LeaderAndIsr request correlationId 9 from controller 0 for 1 partitions (state.change.logger)
[2021-09-01 23:10:15,349] INFO [Broker id=1] Stopped fetchers as part of LeaderAndIsr request correlationId 10 from controller 0 epoch 1 as part of the become-leader transition for 1 partitions (state.change.logger)
[2021-09-01 23:10:15,353] INFO [Broker id=2] Follower NotifyCompleteShipping-0 starts at leader epoch 0 from offset 0 with high watermark 0. Previous leader epoch was -1. (state.change.logger)
[2021-09-01 23:10:15,353] INFO [Broker id=2] Stopped fetchers as part of become-follower request from controller 0 epoch 1 with correlation id 9 for 1 partitions (state.change.logger)
[2021-09-01 23:10:15,354] INFO [Broker id=1] Leader NotifyCompleteShipping-0 starts at leader epoch 0 from offset 0 with high watermark 0 ISR [1,0,2] addingReplicas [] removingReplicas []. Previous leader epoch was -1. (state.change.logger)
[2021-09-01 23:10:15,356] INFO [Broker id=0] Follower NotifyCompleteShipping-0 starts at leader epoch 0 from offset 0 with high watermark 0. Previous leader epoch was -1. (state.change.logger)
[2021-09-01 23:10:15,356] INFO [Broker id=0] Stopped fetchers as part of become-follower request from controller 0 epoch 1 with correlation id 11 for 1 partitions (state.change.logger)
[2021-09-01 23:10:15,356] INFO [Broker id=2] Add 1 partitions and deleted 0 partitions from metadata cache in response to UpdateMetadata request sent by controller 0 epoch 1 with correlation id 10 (state.change.logger)
[2021-09-01 23:10:15,358] INFO [Broker id=0] Add 1 partitions and deleted 0 partitions from metadata cache in response to UpdateMetadata request sent by controller 0 epoch 1 with correlation id 12 (state.change.logger)
[2021-09-01 23:10:15,360] INFO [Broker id=1] Add 1 partitions and deleted 0 partitions from metadata cache in response to UpdateMetadata request sent by controller 0 epoch 1 with correlation id 11 (state.change.logger)
[2021-09-01 23:10:16,901] INFO [Controller id=0 epoch=1] Changed partition NotifyUser-0 state from NonExistentPartition to NewPartition with assigned replicas 0,2,1 (state.change.logger)
[2021-09-01 23:10:16,901] INFO [Controller id=0 epoch=1] Sending UpdateMetadata request to brokers HashSet() for 0 partitions (state.change.logger)
[2021-09-01 23:10:16,902] INFO [Controller id=0 epoch=1] Sending UpdateMetadata request to brokers HashSet() for 0 partitions (state.change.logger)
[2021-09-01 23:10:16,909] INFO [Controller id=0 epoch=1] Changed partition NotifyUser-0 from NewPartition to OnlinePartition with state LeaderAndIsr(leader=0, leaderEpoch=0, isr=List(0, 2, 1), zkVersion=0) (state.change.logger)
[2021-09-01 23:10:16,909] INFO [Controller id=0 epoch=1] Sending LeaderAndIsr request to broker 0 with 1 become-leader and 0 become-follower partitions (state.change.logger)
[2021-09-01 23:10:16,909] INFO [Controller id=0 epoch=1] Sending LeaderAndIsr request to broker 1 with 0 become-leader and 1 become-follower partitions (state.change.logger)
[2021-09-01 23:10:16,909] INFO [Controller id=0 epoch=1] Sending LeaderAndIsr request to broker 2 with 0 become-leader and 1 become-follower partitions (state.change.logger)
[2021-09-01 23:10:16,910] INFO [Controller id=0 epoch=1] Sending UpdateMetadata request to brokers HashSet(0, 1, 2) for 1 partitions (state.change.logger)
[2021-09-01 23:10:16,910] INFO [Broker id=0] Handling LeaderAndIsr request correlationId 13 from controller 0 for 1 partitions (state.change.logger)
[2021-09-01 23:10:16,910] INFO [Controller id=0 epoch=1] Sending UpdateMetadata request to brokers HashSet() for 0 partitions (state.change.logger)
[2021-09-01 23:10:16,911] INFO [Broker id=1] Handling LeaderAndIsr request correlationId 12 from controller 0 for 1 partitions (state.change.logger)
[2021-09-01 23:10:16,911] INFO [Broker id=2] Handling LeaderAndIsr request correlationId 11 from controller 0 for 1 partitions (state.change.logger)
[2021-09-01 23:10:16,911] INFO [Broker id=0] Stopped fetchers as part of LeaderAndIsr request correlationId 13 from controller 0 epoch 1 as part of the become-leader transition for 1 partitions (state.change.logger)
[2021-09-01 23:10:16,916] INFO [Broker id=0] Leader NotifyUser-0 starts at leader epoch 0 from offset 0 with high watermark 0 ISR [0,2,1] addingReplicas [] removingReplicas []. Previous leader epoch was -1. (state.change.logger)
[2021-09-01 23:10:16,919] INFO [Broker id=2] Follower NotifyUser-0 starts at leader epoch 0 from offset 0 with high watermark 0. Previous leader epoch was -1. (state.change.logger)
[2021-09-01 23:10:16,919] INFO [Broker id=2] Stopped fetchers as part of become-follower request from controller 0 epoch 1 with correlation id 11 for 1 partitions (state.change.logger)
[2021-09-01 23:10:16,921] INFO [Broker id=1] Follower NotifyUser-0 starts at leader epoch 0 from offset 0 with high watermark 0. Previous leader epoch was -1. (state.change.logger)
[2021-09-01 23:10:16,921] INFO [Broker id=0] Add 1 partitions and deleted 0 partitions from metadata cache in response to UpdateMetadata request sent by controller 0 epoch 1 with correlation id 14 (state.change.logger)
[2021-09-01 23:10:16,921] INFO [Broker id=1] Stopped fetchers as part of become-follower request from controller 0 epoch 1 with correlation id 12 for 1 partitions (state.change.logger)
[2021-09-01 23:10:16,923] INFO [Broker id=2] Add 1 partitions and deleted 0 partitions from metadata cache in response to UpdateMetadata request sent by controller 0 epoch 1 with correlation id 12 (state.change.logger)
[2021-09-01 23:10:16,924] INFO [Broker id=1] Add 1 partitions and deleted 0 partitions from metadata cache in response to UpdateMetadata request sent by controller 0 epoch 1 with correlation id 13 (state.change.logger)
[2021-09-01 23:10:18,440] INFO [Controller id=0 epoch=1] Changed partition UserRegistration-0 state from NonExistentPartition to NewPartition with assigned replicas 0,1,2 (state.change.logger)
[2021-09-01 23:10:18,440] INFO [Controller id=0 epoch=1] Sending UpdateMetadata request to brokers HashSet() for 0 partitions (state.change.logger)
[2021-09-01 23:10:18,440] INFO [Controller id=0 epoch=1] Sending UpdateMetadata request to brokers HashSet() for 0 partitions (state.change.logger)
[2021-09-01 23:10:18,445] INFO [Controller id=0 epoch=1] Changed partition UserRegistration-0 from NewPartition to OnlinePartition with state LeaderAndIsr(leader=0, leaderEpoch=0, isr=List(0, 1, 2), zkVersion=0) (state.change.logger)
[2021-09-01 23:10:18,445] INFO [Controller id=0 epoch=1] Sending LeaderAndIsr request to broker 0 with 1 become-leader and 0 become-follower partitions (state.change.logger)
[2021-09-01 23:10:18,445] INFO [Controller id=0 epoch=1] Sending LeaderAndIsr request to broker 1 with 0 become-leader and 1 become-follower partitions (state.change.logger)
[2021-09-01 23:10:18,446] INFO [Controller id=0 epoch=1] Sending LeaderAndIsr request to broker 2 with 0 become-leader and 1 become-follower partitions (state.change.logger)
[2021-09-01 23:10:18,446] INFO [Controller id=0 epoch=1] Sending UpdateMetadata request to brokers HashSet(0, 1, 2) for 1 partitions (state.change.logger)
[2021-09-01 23:10:18,446] INFO [Controller id=0 epoch=1] Sending UpdateMetadata request to brokers HashSet() for 0 partitions (state.change.logger)
[2021-09-01 23:10:18,446] INFO [Broker id=0] Handling LeaderAndIsr request correlationId 15 from controller 0 for 1 partitions (state.change.logger)
[2021-09-01 23:10:18,447] INFO [Broker id=2] Handling LeaderAndIsr request correlationId 13 from controller 0 for 1 partitions (state.change.logger)
[2021-09-01 23:10:18,447] INFO [Broker id=1] Handling LeaderAndIsr request correlationId 14 from controller 0 for 1 partitions (state.change.logger)
[2021-09-01 23:10:18,448] INFO [Broker id=0] Stopped fetchers as part of LeaderAndIsr request correlationId 15 from controller 0 epoch 1 as part of the become-leader transition for 1 partitions (state.change.logger)
[2021-09-01 23:10:18,453] INFO [Broker id=1] Follower UserRegistration-0 starts at leader epoch 0 from offset 0 with high watermark 0. Previous leader epoch was -1. (state.change.logger)
[2021-09-01 23:10:18,453] INFO [Broker id=1] Stopped fetchers as part of become-follower request from controller 0 epoch 1 with correlation id 14 for 1 partitions (state.change.logger)
[2021-09-01 23:10:18,453] INFO [Broker id=2] Follower UserRegistration-0 starts at leader epoch 0 from offset 0 with high watermark 0. Previous leader epoch was -1. (state.change.logger)
[2021-09-01 23:10:18,453] INFO [Broker id=2] Stopped fetchers as part of become-follower request from controller 0 epoch 1 with correlation id 13 for 1 partitions (state.change.logger)
[2021-09-01 23:10:18,454] INFO [Broker id=0] Leader UserRegistration-0 starts at leader epoch 0 from offset 0 with high watermark 0 ISR [0,1,2] addingReplicas [] removingReplicas []. Previous leader epoch was -1. (state.change.logger)
[2021-09-01 23:10:18,456] INFO [Broker id=1] Add 1 partitions and deleted 0 partitions from metadata cache in response to UpdateMetadata request sent by controller 0 epoch 1 with correlation id 15 (state.change.logger)
[2021-09-01 23:10:18,456] INFO [Broker id=2] Add 1 partitions and deleted 0 partitions from metadata cache in response to UpdateMetadata request sent by controller 0 epoch 1 with correlation id 14 (state.change.logger)
[2021-09-01 23:10:18,458] INFO [Broker id=0] Add 1 partitions and deleted 0 partitions from metadata cache in response to UpdateMetadata request sent by controller 0 epoch 1 with correlation id 16 (state.change.logger)
[2021-09-01 23:10:19,977] INFO [Controller id=0 epoch=1] Changed partition ShippingCreation-0 state from NonExistentPartition to NewPartition with assigned replicas 0,1,2 (state.change.logger)
[2021-09-01 23:10:19,977] INFO [Controller id=0 epoch=1] Sending UpdateMetadata request to brokers HashSet() for 0 partitions (state.change.logger)
[2021-09-01 23:10:19,977] INFO [Controller id=0 epoch=1] Sending UpdateMetadata request to brokers HashSet() for 0 partitions (state.change.logger)
[2021-09-01 23:10:19,983] INFO [Controller id=0 epoch=1] Changed partition ShippingCreation-0 from NewPartition to OnlinePartition with state LeaderAndIsr(leader=0, leaderEpoch=0, isr=List(0, 1, 2), zkVersion=0) (state.change.logger)
[2021-09-01 23:10:19,983] INFO [Controller id=0 epoch=1] Sending LeaderAndIsr request to broker 0 with 1 become-leader and 0 become-follower partitions (state.change.logger)
[2021-09-01 23:10:19,983] INFO [Controller id=0 epoch=1] Sending LeaderAndIsr request to broker 1 with 0 become-leader and 1 become-follower partitions (state.change.logger)
[2021-09-01 23:10:19,983] INFO [Controller id=0 epoch=1] Sending LeaderAndIsr request to broker 2 with 0 become-leader and 1 become-follower partitions (state.change.logger)
[2021-09-01 23:10:19,983] INFO [Controller id=0 epoch=1] Sending UpdateMetadata request to brokers HashSet(0, 1, 2) for 1 partitions (state.change.logger)
[2021-09-01 23:10:19,984] INFO [Controller id=0 epoch=1] Sending UpdateMetadata request to brokers HashSet() for 0 partitions (state.change.logger)
[2021-09-01 23:10:19,984] INFO [Broker id=0] Handling LeaderAndIsr request correlationId 17 from controller 0 for 1 partitions (state.change.logger)
[2021-09-01 23:10:19,985] INFO [Broker id=1] Handling LeaderAndIsr request correlationId 16 from controller 0 for 1 partitions (state.change.logger)
[2021-09-01 23:10:19,985] INFO [Broker id=0] Stopped fetchers as part of LeaderAndIsr request correlationId 17 from controller 0 epoch 1 as part of the become-leader transition for 1 partitions (state.change.logger)
[2021-09-01 23:10:19,985] INFO [Broker id=2] Handling LeaderAndIsr request correlationId 15 from controller 0 for 1 partitions (state.change.logger)
[2021-09-01 23:10:19,992] INFO [Broker id=1] Follower ShippingCreation-0 starts at leader epoch 0 from offset 0 with high watermark 0. Previous leader epoch was -1. (state.change.logger)
[2021-09-01 23:10:19,992] INFO [Broker id=1] Stopped fetchers as part of become-follower request from controller 0 epoch 1 with correlation id 16 for 1 partitions (state.change.logger)
[2021-09-01 23:10:19,992] INFO [Broker id=0] Leader ShippingCreation-0 starts at leader epoch 0 from offset 0 with high watermark 0 ISR [0,1,2] addingReplicas [] removingReplicas []. Previous leader epoch was -1. (state.change.logger)
[2021-09-01 23:10:19,994] INFO [Broker id=1] Add 1 partitions and deleted 0 partitions from metadata cache in response to UpdateMetadata request sent by controller 0 epoch 1 with correlation id 17 (state.change.logger)
[2021-09-01 23:10:19,995] INFO [Broker id=2] Follower ShippingCreation-0 starts at leader epoch 0 from offset 0 with high watermark 0. Previous leader epoch was -1. (state.change.logger)
[2021-09-01 23:10:19,995] INFO [Broker id=2] Stopped fetchers as part of become-follower request from controller 0 epoch 1 with correlation id 15 for 1 partitions (state.change.logger)
[2021-09-01 23:10:19,997] INFO [Broker id=0] Add 1 partitions and deleted 0 partitions from metadata cache in response to UpdateMetadata request sent by controller 0 epoch 1 with correlation id 18 (state.change.logger)
[2021-09-01 23:10:19,998] INFO [Broker id=2] Add 1 partitions and deleted 0 partitions from metadata cache in response to UpdateMetadata request sent by controller 0 epoch 1 with correlation id 16 (state.change.logger)
[2021-09-01 23:10:21,523] INFO [Controller id=0 epoch=1] Changed partition ShowUserData-0 state from NonExistentPartition to NewPartition with assigned replicas 2,0,1 (state.change.logger)
[2021-09-01 23:10:21,523] INFO [Controller id=0 epoch=1] Sending UpdateMetadata request to brokers HashSet() for 0 partitions (state.change.logger)
[2021-09-01 23:10:21,523] INFO [Controller id=0 epoch=1] Sending UpdateMetadata request to brokers HashSet() for 0 partitions (state.change.logger)
[2021-09-01 23:10:21,529] INFO [Controller id=0 epoch=1] Changed partition ShowUserData-0 from NewPartition to OnlinePartition with state LeaderAndIsr(leader=2, leaderEpoch=0, isr=List(2, 0, 1), zkVersion=0) (state.change.logger)
[2021-09-01 23:10:21,529] INFO [Controller id=0 epoch=1] Sending LeaderAndIsr request to broker 0 with 0 become-leader and 1 become-follower partitions (state.change.logger)
[2021-09-01 23:10:21,529] INFO [Controller id=0 epoch=1] Sending LeaderAndIsr request to broker 1 with 0 become-leader and 1 become-follower partitions (state.change.logger)
[2021-09-01 23:10:21,529] INFO [Controller id=0 epoch=1] Sending LeaderAndIsr request to broker 2 with 1 become-leader and 0 become-follower partitions (state.change.logger)
[2021-09-01 23:10:21,529] INFO [Controller id=0 epoch=1] Sending UpdateMetadata request to brokers HashSet(0, 1, 2) for 1 partitions (state.change.logger)
[2021-09-01 23:10:21,529] INFO [Controller id=0 epoch=1] Sending UpdateMetadata request to brokers HashSet() for 0 partitions (state.change.logger)
[2021-09-01 23:10:21,530] INFO [Broker id=0] Handling LeaderAndIsr request correlationId 19 from controller 0 for 1 partitions (state.change.logger)
[2021-09-01 23:10:21,530] INFO [Broker id=1] Handling LeaderAndIsr request correlationId 18 from controller 0 for 1 partitions (state.change.logger)
[2021-09-01 23:10:21,530] INFO [Broker id=2] Handling LeaderAndIsr request correlationId 17 from controller 0 for 1 partitions (state.change.logger)
[2021-09-01 23:10:21,533] INFO [Broker id=2] Stopped fetchers as part of LeaderAndIsr request correlationId 17 from controller 0 epoch 1 as part of the become-leader transition for 1 partitions (state.change.logger)
[2021-09-01 23:10:21,536] INFO [Broker id=0] Follower ShowUserData-0 starts at leader epoch 0 from offset 0 with high watermark 0. Previous leader epoch was -1. (state.change.logger)
[2021-09-01 23:10:21,536] INFO [Broker id=1] Follower ShowUserData-0 starts at leader epoch 0 from offset 0 with high watermark 0. Previous leader epoch was -1. (state.change.logger)
[2021-09-01 23:10:21,536] INFO [Broker id=0] Stopped fetchers as part of become-follower request from controller 0 epoch 1 with correlation id 19 for 1 partitions (state.change.logger)
[2021-09-01 23:10:21,537] INFO [Broker id=1] Stopped fetchers as part of become-follower request from controller 0 epoch 1 with correlation id 18 for 1 partitions (state.change.logger)
[2021-09-01 23:10:21,544] INFO [Broker id=2] Leader ShowUserData-0 starts at leader epoch 0 from offset 0 with high watermark 0 ISR [2,0,1] addingReplicas [] removingReplicas []. Previous leader epoch was -1. (state.change.logger)
[2021-09-01 23:10:21,544] INFO [Broker id=1] Add 1 partitions and deleted 0 partitions from metadata cache in response to UpdateMetadata request sent by controller 0 epoch 1 with correlation id 19 (state.change.logger)
[2021-09-01 23:10:21,544] INFO [Broker id=0] Add 1 partitions and deleted 0 partitions from metadata cache in response to UpdateMetadata request sent by controller 0 epoch 1 with correlation id 20 (state.change.logger)
[2021-09-01 23:10:21,564] INFO [Broker id=2] Add 1 partitions and deleted 0 partitions from metadata cache in response to UpdateMetadata request sent by controller 0 epoch 1 with correlation id 18 (state.change.logger)
[2021-09-01 23:10:23,069] INFO [Controller id=0 epoch=1] Changed partition ShowShippingNotCompleted-0 state from NonExistentPartition to NewPartition with assigned replicas 1,2,0 (state.change.logger)
[2021-09-01 23:10:23,069] INFO [Controller id=0 epoch=1] Sending UpdateMetadata request to brokers HashSet() for 0 partitions (state.change.logger)
[2021-09-01 23:10:23,070] INFO [Controller id=0 epoch=1] Sending UpdateMetadata request to brokers HashSet() for 0 partitions (state.change.logger)
[2021-09-01 23:10:23,075] INFO [Controller id=0 epoch=1] Changed partition ShowShippingNotCompleted-0 from NewPartition to OnlinePartition with state LeaderAndIsr(leader=1, leaderEpoch=0, isr=List(1, 2, 0), zkVersion=0) (state.change.logger)
[2021-09-01 23:10:23,076] INFO [Controller id=0 epoch=1] Sending LeaderAndIsr request to broker 0 with 0 become-leader and 1 become-follower partitions (state.change.logger)
[2021-09-01 23:10:23,076] INFO [Controller id=0 epoch=1] Sending LeaderAndIsr request to broker 1 with 1 become-leader and 0 become-follower partitions (state.change.logger)
[2021-09-01 23:10:23,076] INFO [Controller id=0 epoch=1] Sending LeaderAndIsr request to broker 2 with 0 become-leader and 1 become-follower partitions (state.change.logger)
[2021-09-01 23:10:23,076] INFO [Controller id=0 epoch=1] Sending UpdateMetadata request to brokers HashSet(0, 1, 2) for 1 partitions (state.change.logger)
[2021-09-01 23:10:23,076] INFO [Controller id=0 epoch=1] Sending UpdateMetadata request to brokers HashSet() for 0 partitions (state.change.logger)
[2021-09-01 23:10:23,077] INFO [Broker id=0] Handling LeaderAndIsr request correlationId 21 from controller 0 for 1 partitions (state.change.logger)
[2021-09-01 23:10:23,077] INFO [Broker id=1] Handling LeaderAndIsr request correlationId 20 from controller 0 for 1 partitions (state.change.logger)
[2021-09-01 23:10:23,077] INFO [Broker id=2] Handling LeaderAndIsr request correlationId 19 from controller 0 for 1 partitions (state.change.logger)
[2021-09-01 23:10:23,078] INFO [Broker id=1] Stopped fetchers as part of LeaderAndIsr request correlationId 20 from controller 0 epoch 1 as part of the become-leader transition for 1 partitions (state.change.logger)
[2021-09-01 23:10:23,084] INFO [Broker id=1] Leader ShowShippingNotCompleted-0 starts at leader epoch 0 from offset 0 with high watermark 0 ISR [1,2,0] addingReplicas [] removingReplicas []. Previous leader epoch was -1. (state.change.logger)
[2021-09-01 23:10:23,085] INFO [Broker id=0] Follower ShowShippingNotCompleted-0 starts at leader epoch 0 from offset 0 with high watermark 0. Previous leader epoch was -1. (state.change.logger)
[2021-09-01 23:10:23,085] INFO [Broker id=0] Stopped fetchers as part of become-follower request from controller 0 epoch 1 with correlation id 21 for 1 partitions (state.change.logger)
[2021-09-01 23:10:23,087] INFO [Broker id=0] Add 1 partitions and deleted 0 partitions from metadata cache in response to UpdateMetadata request sent by controller 0 epoch 1 with correlation id 22 (state.change.logger)
[2021-09-01 23:10:23,087] INFO [Broker id=2] Follower ShowShippingNotCompleted-0 starts at leader epoch 0 from offset 0 with high watermark 0. Previous leader epoch was -1. (state.change.logger)
[2021-09-01 23:10:23,087] INFO [Broker id=2] Stopped fetchers as part of become-follower request from controller 0 epoch 1 with correlation id 19 for 1 partitions (state.change.logger)
[2021-09-01 23:10:23,088] INFO [Broker id=1] Add 1 partitions and deleted 0 partitions from metadata cache in response to UpdateMetadata request sent by controller 0 epoch 1 with correlation id 21 (state.change.logger)
[2021-09-01 23:10:23,090] INFO [Broker id=2] Add 1 partitions and deleted 0 partitions from metadata cache in response to UpdateMetadata request sent by controller 0 epoch 1 with correlation id 20 (state.change.logger)
[2021-09-01 23:10:24,616] INFO [Controller id=0 epoch=1] Changed partition CompleteShipping-0 state from NonExistentPartition to NewPartition with assigned replicas 0,2,1 (state.change.logger)
[2021-09-01 23:10:24,616] INFO [Controller id=0 epoch=1] Sending UpdateMetadata request to brokers HashSet() for 0 partitions (state.change.logger)
[2021-09-01 23:10:24,617] INFO [Controller id=0 epoch=1] Sending UpdateMetadata request to brokers HashSet() for 0 partitions (state.change.logger)
[2021-09-01 23:10:24,623] INFO [Controller id=0 epoch=1] Changed partition CompleteShipping-0 from NewPartition to OnlinePartition with state LeaderAndIsr(leader=0, leaderEpoch=0, isr=List(0, 2, 1), zkVersion=0) (state.change.logger)
[2021-09-01 23:10:24,623] INFO [Controller id=0 epoch=1] Sending LeaderAndIsr request to broker 0 with 1 become-leader and 0 become-follower partitions (state.change.logger)
[2021-09-01 23:10:24,623] INFO [Controller id=0 epoch=1] Sending LeaderAndIsr request to broker 1 with 0 become-leader and 1 become-follower partitions (state.change.logger)
[2021-09-01 23:10:24,623] INFO [Controller id=0 epoch=1] Sending LeaderAndIsr request to broker 2 with 0 become-leader and 1 become-follower partitions (state.change.logger)
[2021-09-01 23:10:24,624] INFO [Controller id=0 epoch=1] Sending UpdateMetadata request to brokers HashSet(0, 1, 2) for 1 partitions (state.change.logger)
[2021-09-01 23:10:24,624] INFO [Controller id=0 epoch=1] Sending UpdateMetadata request to brokers HashSet() for 0 partitions (state.change.logger)
[2021-09-01 23:10:24,624] INFO [Broker id=0] Handling LeaderAndIsr request correlationId 23 from controller 0 for 1 partitions (state.change.logger)
[2021-09-01 23:10:24,624] INFO [Broker id=1] Handling LeaderAndIsr request correlationId 22 from controller 0 for 1 partitions (state.change.logger)
[2021-09-01 23:10:24,625] INFO [Broker id=2] Handling LeaderAndIsr request correlationId 21 from controller 0 for 1 partitions (state.change.logger)
[2021-09-01 23:10:24,626] INFO [Broker id=0] Stopped fetchers as part of LeaderAndIsr request correlationId 23 from controller 0 epoch 1 as part of the become-leader transition for 1 partitions (state.change.logger)
[2021-09-01 23:10:24,631] INFO [Broker id=2] Follower CompleteShipping-0 starts at leader epoch 0 from offset 0 with high watermark 0. Previous leader epoch was -1. (state.change.logger)
[2021-09-01 23:10:24,631] INFO [Broker id=2] Stopped fetchers as part of become-follower request from controller 0 epoch 1 with correlation id 21 for 1 partitions (state.change.logger)
[2021-09-01 23:10:24,631] INFO [Broker id=0] Leader CompleteShipping-0 starts at leader epoch 0 from offset 0 with high watermark 0 ISR [0,2,1] addingReplicas [] removingReplicas []. Previous leader epoch was -1. (state.change.logger)
[2021-09-01 23:10:24,632] INFO [Broker id=1] Follower CompleteShipping-0 starts at leader epoch 0 from offset 0 with high watermark 0. Previous leader epoch was -1. (state.change.logger)
[2021-09-01 23:10:24,632] INFO [Broker id=1] Stopped fetchers as part of become-follower request from controller 0 epoch 1 with correlation id 22 for 1 partitions (state.change.logger)
[2021-09-01 23:10:24,634] INFO [Broker id=2] Add 1 partitions and deleted 0 partitions from metadata cache in response to UpdateMetadata request sent by controller 0 epoch 1 with correlation id 22 (state.change.logger)
[2021-09-01 23:10:24,635] INFO [Broker id=0] Add 1 partitions and deleted 0 partitions from metadata cache in response to UpdateMetadata request sent by controller 0 epoch 1 with correlation id 24 (state.change.logger)
[2021-09-01 23:10:24,635] INFO [Broker id=1] Add 1 partitions and deleted 0 partitions from metadata cache in response to UpdateMetadata request sent by controller 0 epoch 1 with correlation id 23 (state.change.logger)
[2021-09-01 23:10:26,165] INFO [Controller id=0 epoch=1] Changed partition UpdateAddressShippingUser-0 state from NonExistentPartition to NewPartition with assigned replicas 0,2,1 (state.change.logger)
[2021-09-01 23:10:26,165] INFO [Controller id=0 epoch=1] Sending UpdateMetadata request to brokers HashSet() for 0 partitions (state.change.logger)
[2021-09-01 23:10:26,165] INFO [Controller id=0 epoch=1] Sending UpdateMetadata request to brokers HashSet() for 0 partitions (state.change.logger)
[2021-09-01 23:10:26,171] INFO [Controller id=0 epoch=1] Changed partition UpdateAddressShippingUser-0 from NewPartition to OnlinePartition with state LeaderAndIsr(leader=0, leaderEpoch=0, isr=List(0, 2, 1), zkVersion=0) (state.change.logger)
[2021-09-01 23:10:26,171] INFO [Controller id=0 epoch=1] Sending LeaderAndIsr request to broker 0 with 1 become-leader and 0 become-follower partitions (state.change.logger)
[2021-09-01 23:10:26,171] INFO [Controller id=0 epoch=1] Sending LeaderAndIsr request to broker 1 with 0 become-leader and 1 become-follower partitions (state.change.logger)
[2021-09-01 23:10:26,171] INFO [Controller id=0 epoch=1] Sending LeaderAndIsr request to broker 2 with 0 become-leader and 1 become-follower partitions (state.change.logger)
[2021-09-01 23:10:26,172] INFO [Controller id=0 epoch=1] Sending UpdateMetadata request to brokers HashSet(0, 1, 2) for 1 partitions (state.change.logger)
[2021-09-01 23:10:26,172] INFO [Controller id=0 epoch=1] Sending UpdateMetadata request to brokers HashSet() for 0 partitions (state.change.logger)
[2021-09-01 23:10:26,172] INFO [Broker id=0] Handling LeaderAndIsr request correlationId 25 from controller 0 for 1 partitions (state.change.logger)
[2021-09-01 23:10:26,172] INFO [Broker id=1] Handling LeaderAndIsr request correlationId 24 from controller 0 for 1 partitions (state.change.logger)
[2021-09-01 23:10:26,172] INFO [Broker id=2] Handling LeaderAndIsr request correlationId 23 from controller 0 for 1 partitions (state.change.logger)
[2021-09-01 23:10:26,174] INFO [Broker id=0] Stopped fetchers as part of LeaderAndIsr request correlationId 25 from controller 0 epoch 1 as part of the become-leader transition for 1 partitions (state.change.logger)
[2021-09-01 23:10:26,178] INFO [Broker id=0] Leader UpdateAddressShippingUser-0 starts at leader epoch 0 from offset 0 with high watermark 0 ISR [0,2,1] addingReplicas [] removingReplicas []. Previous leader epoch was -1. (state.change.logger)
[2021-09-01 23:10:26,180] INFO [Broker id=2] Follower UpdateAddressShippingUser-0 starts at leader epoch 0 from offset 0 with high watermark 0. Previous leader epoch was -1. (state.change.logger)
[2021-09-01 23:10:26,180] INFO [Broker id=2] Stopped fetchers as part of become-follower request from controller 0 epoch 1 with correlation id 23 for 1 partitions (state.change.logger)
[2021-09-01 23:10:26,182] INFO [Broker id=0] Add 1 partitions and deleted 0 partitions from metadata cache in response to UpdateMetadata request sent by controller 0 epoch 1 with correlation id 26 (state.change.logger)
[2021-09-01 23:10:26,183] INFO [Broker id=2] Add 1 partitions and deleted 0 partitions from metadata cache in response to UpdateMetadata request sent by controller 0 epoch 1 with correlation id 24 (state.change.logger)
[2021-09-01 23:10:26,184] INFO [Broker id=1] Follower UpdateAddressShippingUser-0 starts at leader epoch 0 from offset 0 with high watermark 0. Previous leader epoch was -1. (state.change.logger)
[2021-09-01 23:10:26,184] INFO [Broker id=1] Stopped fetchers as part of become-follower request from controller 0 epoch 1 with correlation id 24 for 1 partitions (state.change.logger)
[2021-09-01 23:10:26,187] INFO [Broker id=1] Add 1 partitions and deleted 0 partitions from metadata cache in response to UpdateMetadata request sent by controller 0 epoch 1 with correlation id 25 (state.change.logger)
[2021-09-01 23:10:45,921] INFO [Controller id=0 epoch=1] Changed partition __consumer_offsets-22 state from NonExistentPartition to NewPartition with assigned replicas 1,2,0 (state.change.logger)
[2021-09-01 23:10:45,921] INFO [Controller id=0 epoch=1] Changed partition __consumer_offsets-30 state from NonExistentPartition to NewPartition with assigned replicas 0,2,1 (state.change.logger)
[2021-09-01 23:10:45,921] INFO [Controller id=0 epoch=1] Changed partition __consumer_offsets-25 state from NonExistentPartition to NewPartition with assigned replicas 1,0,2 (state.change.logger)
[2021-09-01 23:10:45,921] INFO [Controller id=0 epoch=1] Changed partition __consumer_offsets-35 state from NonExistentPartition to NewPartition with assigned replicas 2,0,1 (state.change.logger)
[2021-09-01 23:10:45,921] INFO [Controller id=0 epoch=1] Changed partition __consumer_offsets-37 state from NonExistentPartition to NewPartition with assigned replicas 1,0,2 (state.change.logger)
[2021-09-01 23:10:45,921] INFO [Controller id=0 epoch=1] Changed partition __consumer_offsets-38 state from NonExistentPartition to NewPartition with assigned replicas 2,1,0 (state.change.logger)
[2021-09-01 23:10:45,921] INFO [Controller id=0 epoch=1] Changed partition __consumer_offsets-13 state from NonExistentPartition to NewPartition with assigned replicas 1,0,2 (state.change.logger)
[2021-09-01 23:10:45,921] INFO [Controller id=0 epoch=1] Changed partition __consumer_offsets-8 state from NonExistentPartition to NewPartition with assigned replicas 2,1,0 (state.change.logger)
[2021-09-01 23:10:45,922] INFO [Controller id=0 epoch=1] Changed partition __consumer_offsets-21 state from NonExistentPartition to NewPartition with assigned replicas 0,1,2 (state.change.logger)
[2021-09-01 23:10:45,922] INFO [Controller id=0 epoch=1] Changed partition __consumer_offsets-4 state from NonExistentPartition to NewPartition with assigned replicas 1,2,0 (state.change.logger)
[2021-09-01 23:10:45,922] INFO [Controller id=0 epoch=1] Changed partition __consumer_offsets-27 state from NonExistentPartition to NewPartition with assigned replicas 0,1,2 (state.change.logger)
[2021-09-01 23:10:45,922] INFO [Controller id=0 epoch=1] Changed partition __consumer_offsets-7 state from NonExistentPartition to NewPartition with assigned replicas 1,0,2 (state.change.logger)
[2021-09-01 23:10:45,922] INFO [Controller id=0 epoch=1] Changed partition __consumer_offsets-9 state from NonExistentPartition to NewPartition with assigned replicas 0,1,2 (state.change.logger)
[2021-09-01 23:10:45,922] INFO [Controller id=0 epoch=1] Changed partition __consumer_offsets-46 state from NonExistentPartition to NewPartition with assigned replicas 1,2,0 (state.change.logger)
[2021-09-01 23:10:45,922] INFO [Controller id=0 epoch=1] Changed partition __consumer_offsets-41 state from NonExistentPartition to NewPartition with assigned replicas 2,0,1 (state.change.logger)
[2021-09-01 23:10:45,922] INFO [Controller id=0 epoch=1] Changed partition __consumer_offsets-33 state from NonExistentPartition to NewPartition with assigned replicas 0,1,2 (state.change.logger)
[2021-09-01 23:10:45,922] INFO [Controller id=0 epoch=1] Changed partition __consumer_offsets-23 state from NonExistentPartition to NewPartition with assigned replicas 2,0,1 (state.change.logger)
[2021-09-01 23:10:45,922] INFO [Controller id=0 epoch=1] Changed partition __consumer_offsets-49 state from NonExistentPartition to NewPartition with assigned replicas 1,0,2 (state.change.logger)
[2021-09-01 23:10:45,922] INFO [Controller id=0 epoch=1] Changed partition __consumer_offsets-47 state from NonExistentPartition to NewPartition with assigned replicas 2,0,1 (state.change.logger)
[2021-09-01 23:10:45,922] INFO [Controller id=0 epoch=1] Changed partition __consumer_offsets-16 state from NonExistentPartition to NewPartition with assigned replicas 1,2,0 (state.change.logger)
[2021-09-01 23:10:45,922] INFO [Controller id=0 epoch=1] Changed partition __consumer_offsets-28 state from NonExistentPartition to NewPartition with assigned replicas 1,2,0 (state.change.logger)
[2021-09-01 23:10:45,922] INFO [Controller id=0 epoch=1] Changed partition __consumer_offsets-31 state from NonExistentPartition to NewPartition with assigned replicas 1,0,2 (state.change.logger)
[2021-09-01 23:10:45,922] INFO [Controller id=0 epoch=1] Changed partition __consumer_offsets-36 state from NonExistentPartition to NewPartition with assigned replicas 0,2,1 (state.change.logger)
[2021-09-01 23:10:45,922] INFO [Controller id=0 epoch=1] Changed partition __consumer_offsets-42 state from NonExistentPartition to NewPartition with assigned replicas 0,2,1 (state.change.logger)
[2021-09-01 23:10:45,922] INFO [Controller id=0 epoch=1] Changed partition __consumer_offsets-3 state from NonExistentPartition to NewPartition with assigned replicas 0,1,2 (state.change.logger)
[2021-09-01 23:10:45,922] INFO [Controller id=0 epoch=1] Changed partition __consumer_offsets-18 state from NonExistentPartition to NewPartition with assigned replicas 0,2,1 (state.change.logger)
[2021-09-01 23:10:45,922] INFO [Controller id=0 epoch=1] Changed partition __consumer_offsets-15 state from NonExistentPartition to NewPartition with assigned replicas 0,1,2 (state.change.logger)
[2021-09-01 23:10:45,922] INFO [Controller id=0 epoch=1] Changed partition __consumer_offsets-24 state from NonExistentPartition to NewPartition with assigned replicas 0,2,1 (state.change.logger)
[2021-09-01 23:10:45,922] INFO [Controller id=0 epoch=1] Changed partition __consumer_offsets-17 state from NonExistentPartition to NewPartition with assigned replicas 2,0,1 (state.change.logger)
[2021-09-01 23:10:45,922] INFO [Controller id=0 epoch=1] Changed partition __consumer_offsets-48 state from NonExistentPartition to NewPartition with assigned replicas 0,2,1 (state.change.logger)
[2021-09-01 23:10:45,922] INFO [Controller id=0 epoch=1] Changed partition __consumer_offsets-19 state from NonExistentPartition to NewPartition with assigned replicas 1,0,2 (state.change.logger)
[2021-09-01 23:10:45,922] INFO [Controller id=0 epoch=1] Changed partition __consumer_offsets-11 state from NonExistentPartition to NewPartition with assigned replicas 2,0,1 (state.change.logger)
[2021-09-01 23:10:45,922] INFO [Controller id=0 epoch=1] Changed partition __consumer_offsets-2 state from NonExistentPartition to NewPartition with assigned replicas 2,1,0 (state.change.logger)
[2021-09-01 23:10:45,922] INFO [Controller id=0 epoch=1] Changed partition __consumer_offsets-43 state from NonExistentPartition to NewPartition with assigned replicas 1,0,2 (state.change.logger)
[2021-09-01 23:10:45,922] INFO [Controller id=0 epoch=1] Changed partition __consumer_offsets-6 state from NonExistentPartition to NewPartition with assigned replicas 0,2,1 (state.change.logger)
[2021-09-01 23:10:45,922] INFO [Controller id=0 epoch=1] Changed partition __consumer_offsets-14 state from NonExistentPartition to NewPartition with assigned replicas 2,1,0 (state.change.logger)
[2021-09-01 23:10:45,922] INFO [Controller id=0 epoch=1] Changed partition __consumer_offsets-20 state from NonExistentPartition to NewPartition with assigned replicas 2,1,0 (state.change.logger)
[2021-09-01 23:10:45,922] INFO [Controller id=0 epoch=1] Changed partition __consumer_offsets-0 state from NonExistentPartition to NewPartition with assigned replicas 0,2,1 (state.change.logger)
[2021-09-01 23:10:45,922] INFO [Controller id=0 epoch=1] Changed partition __consumer_offsets-44 state from NonExistentPartition to NewPartition with assigned replicas 2,1,0 (state.change.logger)
[2021-09-01 23:10:45,922] INFO [Controller id=0 epoch=1] Changed partition __consumer_offsets-39 state from NonExistentPartition to NewPartition with assigned replicas 0,1,2 (state.change.logger)
[2021-09-01 23:10:45,922] INFO [Controller id=0 epoch=1] Changed partition __consumer_offsets-12 state from NonExistentPartition to NewPartition with assigned replicas 0,2,1 (state.change.logger)
[2021-09-01 23:10:45,922] INFO [Controller id=0 epoch=1] Changed partition __consumer_offsets-45 state from NonExistentPartition to NewPartition with assigned replicas 0,1,2 (state.change.logger)
[2021-09-01 23:10:45,922] INFO [Controller id=0 epoch=1] Changed partition __consumer_offsets-1 state from NonExistentPartition to NewPartition with assigned replicas 1,0,2 (state.change.logger)
[2021-09-01 23:10:45,922] INFO [Controller id=0 epoch=1] Changed partition __consumer_offsets-5 state from NonExistentPartition to NewPartition with assigned replicas 2,0,1 (state.change.logger)
[2021-09-01 23:10:45,922] INFO [Controller id=0 epoch=1] Changed partition __consumer_offsets-26 state from NonExistentPartition to NewPartition with assigned replicas 2,1,0 (state.change.logger)
[2021-09-01 23:10:45,922] INFO [Controller id=0 epoch=1] Changed partition __consumer_offsets-29 state from NonExistentPartition to NewPartition with assigned replicas 2,0,1 (state.change.logger)
[2021-09-01 23:10:45,922] INFO [Controller id=0 epoch=1] Changed partition __consumer_offsets-34 state from NonExistentPartition to NewPartition with assigned replicas 1,2,0 (state.change.logger)
[2021-09-01 23:10:45,922] INFO [Controller id=0 epoch=1] Changed partition __consumer_offsets-10 state from NonExistentPartition to NewPartition with assigned replicas 1,2,0 (state.change.logger)
[2021-09-01 23:10:45,922] INFO [Controller id=0 epoch=1] Changed partition __consumer_offsets-32 state from NonExistentPartition to NewPartition with assigned replicas 2,1,0 (state.change.logger)
[2021-09-01 23:10:45,922] INFO [Controller id=0 epoch=1] Changed partition __consumer_offsets-40 state from NonExistentPartition to NewPartition with assigned replicas 1,2,0 (state.change.logger)
[2021-09-01 23:10:45,923] INFO [Controller id=0 epoch=1] Sending UpdateMetadata request to brokers HashSet() for 0 partitions (state.change.logger)
[2021-09-01 23:10:45,925] INFO [Controller id=0 epoch=1] Sending UpdateMetadata request to brokers HashSet() for 0 partitions (state.change.logger)
[2021-09-01 23:10:45,982] INFO [Controller id=0 epoch=1] Changed partition __consumer_offsets-22 from NewPartition to OnlinePartition with state LeaderAndIsr(leader=1, leaderEpoch=0, isr=List(1, 2, 0), zkVersion=0) (state.change.logger)
[2021-09-01 23:10:45,982] INFO [Controller id=0 epoch=1] Changed partition __consumer_offsets-30 from NewPartition to OnlinePartition with state LeaderAndIsr(leader=0, leaderEpoch=0, isr=List(0, 2, 1), zkVersion=0) (state.change.logger)
[2021-09-01 23:10:45,982] INFO [Controller id=0 epoch=1] Changed partition __consumer_offsets-25 from NewPartition to OnlinePartition with state LeaderAndIsr(leader=1, leaderEpoch=0, isr=List(1, 0, 2), zkVersion=0) (state.change.logger)
[2021-09-01 23:10:45,982] INFO [Controller id=0 epoch=1] Changed partition __consumer_offsets-35 from NewPartition to OnlinePartition with state LeaderAndIsr(leader=2, leaderEpoch=0, isr=List(2, 0, 1), zkVersion=0) (state.change.logger)
[2021-09-01 23:10:45,982] INFO [Controller id=0 epoch=1] Changed partition __consumer_offsets-37 from NewPartition to OnlinePartition with state LeaderAndIsr(leader=1, leaderEpoch=0, isr=List(1, 0, 2), zkVersion=0) (state.change.logger)
[2021-09-01 23:10:45,982] INFO [Controller id=0 epoch=1] Changed partition __consumer_offsets-38 from NewPartition to OnlinePartition with state LeaderAndIsr(leader=2, leaderEpoch=0, isr=List(2, 1, 0), zkVersion=0) (state.change.logger)
[2021-09-01 23:10:45,982] INFO [Controller id=0 epoch=1] Changed partition __consumer_offsets-13 from NewPartition to OnlinePartition with state LeaderAndIsr(leader=1, leaderEpoch=0, isr=List(1, 0, 2), zkVersion=0) (state.change.logger)
[2021-09-01 23:10:45,982] INFO [Controller id=0 epoch=1] Changed partition __consumer_offsets-8 from NewPartition to OnlinePartition with state LeaderAndIsr(leader=2, leaderEpoch=0, isr=List(2, 1, 0), zkVersion=0) (state.change.logger)
[2021-09-01 23:10:45,982] INFO [Controller id=0 epoch=1] Changed partition __consumer_offsets-21 from NewPartition to OnlinePartition with state LeaderAndIsr(leader=0, leaderEpoch=0, isr=List(0, 1, 2), zkVersion=0) (state.change.logger)
[2021-09-01 23:10:45,982] INFO [Controller id=0 epoch=1] Changed partition __consumer_offsets-4 from NewPartition to OnlinePartition with state LeaderAndIsr(leader=1, leaderEpoch=0, isr=List(1, 2, 0), zkVersion=0) (state.change.logger)
[2021-09-01 23:10:45,982] INFO [Controller id=0 epoch=1] Changed partition __consumer_offsets-27 from NewPartition to OnlinePartition with state LeaderAndIsr(leader=0, leaderEpoch=0, isr=List(0, 1, 2), zkVersion=0) (state.change.logger)
[2021-09-01 23:10:45,982] INFO [Controller id=0 epoch=1] Changed partition __consumer_offsets-7 from NewPartition to OnlinePartition with state LeaderAndIsr(leader=1, leaderEpoch=0, isr=List(1, 0, 2), zkVersion=0) (state.change.logger)
[2021-09-01 23:10:45,982] INFO [Controller id=0 epoch=1] Changed partition __consumer_offsets-9 from NewPartition to OnlinePartition with state LeaderAndIsr(leader=0, leaderEpoch=0, isr=List(0, 1, 2), zkVersion=0) (state.change.logger)
[2021-09-01 23:10:45,982] INFO [Controller id=0 epoch=1] Changed partition __consumer_offsets-46 from NewPartition to OnlinePartition with state LeaderAndIsr(leader=1, leaderEpoch=0, isr=List(1, 2, 0), zkVersion=0) (state.change.logger)
[2021-09-01 23:10:45,982] INFO [Controller id=0 epoch=1] Changed partition __consumer_offsets-41 from NewPartition to OnlinePartition with state LeaderAndIsr(leader=2, leaderEpoch=0, isr=List(2, 0, 1), zkVersion=0) (state.change.logger)
[2021-09-01 23:10:45,982] INFO [Controller id=0 epoch=1] Changed partition __consumer_offsets-33 from NewPartition to OnlinePartition with state LeaderAndIsr(leader=0, leaderEpoch=0, isr=List(0, 1, 2), zkVersion=0) (state.change.logger)
[2021-09-01 23:10:45,982] INFO [Controller id=0 epoch=1] Changed partition __consumer_offsets-23 from NewPartition to OnlinePartition with state LeaderAndIsr(leader=2, leaderEpoch=0, isr=List(2, 0, 1), zkVersion=0) (state.change.logger)
[2021-09-01 23:10:45,983] INFO [Controller id=0 epoch=1] Changed partition __consumer_offsets-49 from NewPartition to OnlinePartition with state LeaderAndIsr(leader=1, leaderEpoch=0, isr=List(1, 0, 2), zkVersion=0) (state.change.logger)
[2021-09-01 23:10:45,983] INFO [Controller id=0 epoch=1] Changed partition __consumer_offsets-47 from NewPartition to OnlinePartition with state LeaderAndIsr(leader=2, leaderEpoch=0, isr=List(2, 0, 1), zkVersion=0) (state.change.logger)
[2021-09-01 23:10:45,983] INFO [Controller id=0 epoch=1] Changed partition __consumer_offsets-16 from NewPartition to OnlinePartition with state LeaderAndIsr(leader=1, leaderEpoch=0, isr=List(1, 2, 0), zkVersion=0) (state.change.logger)
[2021-09-01 23:10:45,983] INFO [Controller id=0 epoch=1] Changed partition __consumer_offsets-28 from NewPartition to OnlinePartition with state LeaderAndIsr(leader=1, leaderEpoch=0, isr=List(1, 2, 0), zkVersion=0) (state.change.logger)
[2021-09-01 23:10:45,983] INFO [Controller id=0 epoch=1] Changed partition __consumer_offsets-31 from NewPartition to OnlinePartition with state LeaderAndIsr(leader=1, leaderEpoch=0, isr=List(1, 0, 2), zkVersion=0) (state.change.logger)
[2021-09-01 23:10:45,983] INFO [Controller id=0 epoch=1] Changed partition __consumer_offsets-36 from NewPartition to OnlinePartition with state LeaderAndIsr(leader=0, leaderEpoch=0, isr=List(0, 2, 1), zkVersion=0) (state.change.logger)
[2021-09-01 23:10:45,983] INFO [Controller id=0 epoch=1] Changed partition __consumer_offsets-42 from NewPartition to OnlinePartition with state LeaderAndIsr(leader=0, leaderEpoch=0, isr=List(0, 2, 1), zkVersion=0) (state.change.logger)
[2021-09-01 23:10:45,983] INFO [Controller id=0 epoch=1] Changed partition __consumer_offsets-3 from NewPartition to OnlinePartition with state LeaderAndIsr(leader=0, leaderEpoch=0, isr=List(0, 1, 2), zkVersion=0) (state.change.logger)
[2021-09-01 23:10:45,983] INFO [Controller id=0 epoch=1] Changed partition __consumer_offsets-18 from NewPartition to OnlinePartition with state LeaderAndIsr(leader=0, leaderEpoch=0, isr=List(0, 2, 1), zkVersion=0) (state.change.logger)
[2021-09-01 23:10:45,983] INFO [Controller id=0 epoch=1] Changed partition __consumer_offsets-15 from NewPartition to OnlinePartition with state LeaderAndIsr(leader=0, leaderEpoch=0, isr=List(0, 1, 2), zkVersion=0) (state.change.logger)
[2021-09-01 23:10:45,983] INFO [Controller id=0 epoch=1] Changed partition __consumer_offsets-24 from NewPartition to OnlinePartition with state LeaderAndIsr(leader=0, leaderEpoch=0, isr=List(0, 2, 1), zkVersion=0) (state.change.logger)
[2021-09-01 23:10:45,983] INFO [Controller id=0 epoch=1] Changed partition __consumer_offsets-17 from NewPartition to OnlinePartition with state LeaderAndIsr(leader=2, leaderEpoch=0, isr=List(2, 0, 1), zkVersion=0) (state.change.logger)
[2021-09-01 23:10:45,983] INFO [Controller id=0 epoch=1] Changed partition __consumer_offsets-48 from NewPartition to OnlinePartition with state LeaderAndIsr(leader=0, leaderEpoch=0, isr=List(0, 2, 1), zkVersion=0) (state.change.logger)
[2021-09-01 23:10:45,983] INFO [Controller id=0 epoch=1] Changed partition __consumer_offsets-19 from NewPartition to OnlinePartition with state LeaderAndIsr(leader=1, leaderEpoch=0, isr=List(1, 0, 2), zkVersion=0) (state.change.logger)
[2021-09-01 23:10:45,983] INFO [Controller id=0 epoch=1] Changed partition __consumer_offsets-11 from NewPartition to OnlinePartition with state LeaderAndIsr(leader=2, leaderEpoch=0, isr=List(2, 0, 1), zkVersion=0) (state.change.logger)
[2021-09-01 23:10:45,983] INFO [Controller id=0 epoch=1] Changed partition __consumer_offsets-2 from NewPartition to OnlinePartition with state LeaderAndIsr(leader=2, leaderEpoch=0, isr=List(2, 1, 0), zkVersion=0) (state.change.logger)
[2021-09-01 23:10:45,983] INFO [Controller id=0 epoch=1] Changed partition __consumer_offsets-43 from NewPartition to OnlinePartition with state LeaderAndIsr(leader=1, leaderEpoch=0, isr=List(1, 0, 2), zkVersion=0) (state.change.logger)
[2021-09-01 23:10:45,983] INFO [Controller id=0 epoch=1] Changed partition __consumer_offsets-6 from NewPartition to OnlinePartition with state LeaderAndIsr(leader=0, leaderEpoch=0, isr=List(0, 2, 1), zkVersion=0) (state.change.logger)
[2021-09-01 23:10:45,983] INFO [Controller id=0 epoch=1] Changed partition __consumer_offsets-14 from NewPartition to OnlinePartition with state LeaderAndIsr(leader=2, leaderEpoch=0, isr=List(2, 1, 0), zkVersion=0) (state.change.logger)
[2021-09-01 23:10:45,983] INFO [Controller id=0 epoch=1] Changed partition __consumer_offsets-20 from NewPartition to OnlinePartition with state LeaderAndIsr(leader=2, leaderEpoch=0, isr=List(2, 1, 0), zkVersion=0) (state.change.logger)
[2021-09-01 23:10:45,983] INFO [Controller id=0 epoch=1] Changed partition __consumer_offsets-0 from NewPartition to OnlinePartition with state LeaderAndIsr(leader=0, leaderEpoch=0, isr=List(0, 2, 1), zkVersion=0) (state.change.logger)
[2021-09-01 23:10:45,983] INFO [Controller id=0 epoch=1] Changed partition __consumer_offsets-44 from NewPartition to OnlinePartition with state LeaderAndIsr(leader=2, leaderEpoch=0, isr=List(2, 1, 0), zkVersion=0) (state.change.logger)
[2021-09-01 23:10:45,983] INFO [Controller id=0 epoch=1] Changed partition __consumer_offsets-39 from NewPartition to OnlinePartition with state LeaderAndIsr(leader=0, leaderEpoch=0, isr=List(0, 1, 2), zkVersion=0) (state.change.logger)
[2021-09-01 23:10:45,983] INFO [Controller id=0 epoch=1] Changed partition __consumer_offsets-12 from NewPartition to OnlinePartition with state LeaderAndIsr(leader=0, leaderEpoch=0, isr=List(0, 2, 1), zkVersion=0) (state.change.logger)
[2021-09-01 23:10:45,983] INFO [Controller id=0 epoch=1] Changed partition __consumer_offsets-45 from NewPartition to OnlinePartition with state LeaderAndIsr(leader=0, leaderEpoch=0, isr=List(0, 1, 2), zkVersion=0) (state.change.logger)
[2021-09-01 23:10:45,983] INFO [Controller id=0 epoch=1] Changed partition __consumer_offsets-1 from NewPartition to OnlinePartition with state LeaderAndIsr(leader=1, leaderEpoch=0, isr=List(1, 0, 2), zkVersion=0) (state.change.logger)
[2021-09-01 23:10:45,983] INFO [Controller id=0 epoch=1] Changed partition __consumer_offsets-5 from NewPartition to OnlinePartition with state LeaderAndIsr(leader=2, leaderEpoch=0, isr=List(2, 0, 1), zkVersion=0) (state.change.logger)
[2021-09-01 23:10:45,983] INFO [Controller id=0 epoch=1] Changed partition __consumer_offsets-26 from NewPartition to OnlinePartition with state LeaderAndIsr(leader=2, leaderEpoch=0, isr=List(2, 1, 0), zkVersion=0) (state.change.logger)
[2021-09-01 23:10:45,983] INFO [Controller id=0 epoch=1] Changed partition __consumer_offsets-29 from NewPartition to OnlinePartition with state LeaderAndIsr(leader=2, leaderEpoch=0, isr=List(2, 0, 1), zkVersion=0) (state.change.logger)
[2021-09-01 23:10:45,983] INFO [Controller id=0 epoch=1] Changed partition __consumer_offsets-34 from NewPartition to OnlinePartition with state LeaderAndIsr(leader=1, leaderEpoch=0, isr=List(1, 2, 0), zkVersion=0) (state.change.logger)
[2021-09-01 23:10:45,983] INFO [Controller id=0 epoch=1] Changed partition __consumer_offsets-10 from NewPartition to OnlinePartition with state LeaderAndIsr(leader=1, leaderEpoch=0, isr=List(1, 2, 0), zkVersion=0) (state.change.logger)
[2021-09-01 23:10:45,983] INFO [Controller id=0 epoch=1] Changed partition __consumer_offsets-32 from NewPartition to OnlinePartition with state LeaderAndIsr(leader=2, leaderEpoch=0, isr=List(2, 1, 0), zkVersion=0) (state.change.logger)
[2021-09-01 23:10:45,983] INFO [Controller id=0 epoch=1] Changed partition __consumer_offsets-40 from NewPartition to OnlinePartition with state LeaderAndIsr(leader=1, leaderEpoch=0, isr=List(1, 2, 0), zkVersion=0) (state.change.logger)
[2021-09-01 23:10:45,983] INFO [Controller id=0 epoch=1] Sending LeaderAndIsr request to broker 0 with 17 become-leader and 33 become-follower partitions (state.change.logger)
[2021-09-01 23:10:45,984] INFO [Controller id=0 epoch=1] Sending LeaderAndIsr request to broker 1 with 17 become-leader and 33 become-follower partitions (state.change.logger)
[2021-09-01 23:10:45,984] INFO [Controller id=0 epoch=1] Sending LeaderAndIsr request to broker 2 with 16 become-leader and 34 become-follower partitions (state.change.logger)
[2021-09-01 23:10:45,985] INFO [Broker id=0] Handling LeaderAndIsr request correlationId 27 from controller 0 for 50 partitions (state.change.logger)
[2021-09-01 23:10:45,985] INFO [Controller id=0 epoch=1] Sending UpdateMetadata request to brokers HashSet(0, 1, 2) for 50 partitions (state.change.logger)
[2021-09-01 23:10:45,987] INFO [Broker id=1] Handling LeaderAndIsr request correlationId 26 from controller 0 for 50 partitions (state.change.logger)
[2021-09-01 23:10:45,988] INFO [Controller id=0 epoch=1] Sending UpdateMetadata request to brokers HashSet() for 0 partitions (state.change.logger)
[2021-09-01 23:10:45,988] INFO [Broker id=2] Handling LeaderAndIsr request correlationId 25 from controller 0 for 50 partitions (state.change.logger)
[2021-09-01 23:10:46,015] INFO [Broker id=1] Stopped fetchers as part of LeaderAndIsr request correlationId 26 from controller 0 epoch 1 as part of the become-leader transition for 17 partitions (state.change.logger)
[2021-09-01 23:10:46,016] INFO [Broker id=2] Stopped fetchers as part of LeaderAndIsr request correlationId 25 from controller 0 epoch 1 as part of the become-leader transition for 16 partitions (state.change.logger)
[2021-09-01 23:10:46,021] INFO [Broker id=1] Leader __consumer_offsets-37 starts at leader epoch 0 from offset 0 with high watermark 0 ISR [1,0,2] addingReplicas [] removingReplicas []. Previous leader epoch was -1. (state.change.logger)
[2021-09-01 23:10:46,025] INFO [Broker id=0] Stopped fetchers as part of LeaderAndIsr request correlationId 27 from controller 0 epoch 1 as part of the become-leader transition for 17 partitions (state.change.logger)
[2021-09-01 23:10:46,026] INFO [Broker id=2] Leader __consumer_offsets-35 starts at leader epoch 0 from offset 0 with high watermark 0 ISR [2,0,1] addingReplicas [] removingReplicas []. Previous leader epoch was -1. (state.change.logger)
[2021-09-01 23:10:46,030] INFO [Broker id=1] Leader __consumer_offsets-7 starts at leader epoch 0 from offset 0 with high watermark 0 ISR [1,0,2] addingReplicas [] removingReplicas []. Previous leader epoch was -1. (state.change.logger)
[2021-09-01 23:10:46,031] INFO [Broker id=0] Leader __consumer_offsets-3 starts at leader epoch 0 from offset 0 with high watermark 0 ISR [0,1,2] addingReplicas [] removingReplicas []. Previous leader epoch was -1. (state.change.logger)
[2021-09-01 23:10:46,034] INFO [Broker id=2] Leader __consumer_offsets-5 starts at leader epoch 0 from offset 0 with high watermark 0 ISR [2,0,1] addingReplicas [] removingReplicas []. Previous leader epoch was -1. (state.change.logger)
[2021-09-01 23:10:46,039] INFO [Broker id=0] Leader __consumer_offsets-18 starts at leader epoch 0 from offset 0 with high watermark 0 ISR [0,2,1] addingReplicas [] removingReplicas []. Previous leader epoch was -1. (state.change.logger)
[2021-09-01 23:10:46,040] INFO [Broker id=1] Leader __consumer_offsets-22 starts at leader epoch 0 from offset 0 with high watermark 0 ISR [1,2,0] addingReplicas [] removingReplicas []. Previous leader epoch was -1. (state.change.logger)
[2021-09-01 23:10:46,044] INFO [Broker id=2] Leader __consumer_offsets-20 starts at leader epoch 0 from offset 0 with high watermark 0 ISR [2,1,0] addingReplicas [] removingReplicas []. Previous leader epoch was -1. (state.change.logger)
[2021-09-01 23:10:46,047] INFO [Broker id=0] Leader __consumer_offsets-39 starts at leader epoch 0 from offset 0 with high watermark 0 ISR [0,1,2] addingReplicas [] removingReplicas []. Previous leader epoch was -1. (state.change.logger)
[2021-09-01 23:10:46,052] INFO [Broker id=2] Leader __consumer_offsets-41 starts at leader epoch 0 from offset 0 with high watermark 0 ISR [2,0,1] addingReplicas [] removingReplicas []. Previous leader epoch was -1. (state.change.logger)
[2021-09-01 23:10:46,054] INFO [Broker id=1] Leader __consumer_offsets-10 starts at leader epoch 0 from offset 0 with high watermark 0 ISR [1,2,0] addingReplicas [] removingReplicas []. Previous leader epoch was -1. (state.change.logger)
[2021-09-01 23:10:46,055] INFO [Broker id=0] Leader __consumer_offsets-9 starts at leader epoch 0 from offset 0 with high watermark 0 ISR [0,1,2] addingReplicas [] removingReplicas []. Previous leader epoch was -1. (state.change.logger)
[2021-09-01 23:10:46,062] INFO [Broker id=0] Leader __consumer_offsets-24 starts at leader epoch 0 from offset 0 with high watermark 0 ISR [0,2,1] addingReplicas [] removingReplicas []. Previous leader epoch was -1. (state.change.logger)
[2021-09-01 23:10:46,065] INFO [Broker id=1] Leader __consumer_offsets-31 starts at leader epoch 0 from offset 0 with high watermark 0 ISR [1,0,2] addingReplicas [] removingReplicas []. Previous leader epoch was -1. (state.change.logger)
[2021-09-01 23:10:46,069] INFO [Broker id=0] Leader __consumer_offsets-27 starts at leader epoch 0 from offset 0 with high watermark 0 ISR [0,1,2] addingReplicas [] removingReplicas []. Previous leader epoch was -1. (state.change.logger)
[2021-09-01 23:10:46,072] INFO [Broker id=1] Leader __consumer_offsets-46 starts at leader epoch 0 from offset 0 with high watermark 0 ISR [1,2,0] addingReplicas [] removingReplicas []. Previous leader epoch was -1. (state.change.logger)
[2021-09-01 23:10:46,073] INFO [Broker id=2] Leader __consumer_offsets-29 starts at leader epoch 0 from offset 0 with high watermark 0 ISR [2,0,1] addingReplicas [] removingReplicas []. Previous leader epoch was -1. (state.change.logger)
[2021-09-01 23:10:46,076] INFO [Broker id=0] Leader __consumer_offsets-42 starts at leader epoch 0 from offset 0 with high watermark 0 ISR [0,2,1] addingReplicas [] removingReplicas []. Previous leader epoch was -1. (state.change.logger)
[2021-09-01 23:10:46,084] INFO [Broker id=1] Leader __consumer_offsets-1 starts at leader epoch 0 from offset 0 with high watermark 0 ISR [1,0,2] addingReplicas [] removingReplicas []. Previous leader epoch was -1. (state.change.logger)
[2021-09-01 23:10:46,085] INFO [Broker id=2] Leader __consumer_offsets-44 starts at leader epoch 0 from offset 0 with high watermark 0 ISR [2,1,0] addingReplicas [] removingReplicas []. Previous leader epoch was -1. (state.change.logger)
[2021-09-01 23:10:46,085] INFO [Broker id=0] Leader __consumer_offsets-12 starts at leader epoch 0 from offset 0 with high watermark 0 ISR [0,2,1] addingReplicas [] removingReplicas []. Previous leader epoch was -1. (state.change.logger)
[2021-09-01 23:10:46,093] INFO [Broker id=0] Leader __consumer_offsets-33 starts at leader epoch 0 from offset 0 with high watermark 0 ISR [0,1,2] addingReplicas [] removingReplicas []. Previous leader epoch was -1. (state.change.logger)
[2021-09-01 23:10:46,093] INFO [Broker id=1] Leader __consumer_offsets-16 starts at leader epoch 0 from offset 0 with high watermark 0 ISR [1,2,0] addingReplicas [] removingReplicas []. Previous leader epoch was -1. (state.change.logger)
[2021-09-01 23:10:46,094] INFO [Broker id=2] Leader __consumer_offsets-14 starts at leader epoch 0 from offset 0 with high watermark 0 ISR [2,1,0] addingReplicas [] removingReplicas []. Previous leader epoch was -1. (state.change.logger)
[2021-09-01 23:10:46,105] INFO [Broker id=0] Leader __consumer_offsets-48 starts at leader epoch 0 from offset 0 with high watermark 0 ISR [0,2,1] addingReplicas [] removingReplicas []. Previous leader epoch was -1. (state.change.logger)
[2021-09-01 23:10:46,105] INFO [Broker id=1] Leader __consumer_offsets-19 starts at leader epoch 0 from offset 0 with high watermark 0 ISR [1,0,2] addingReplicas [] removingReplicas []. Previous leader epoch was -1. (state.change.logger)
[2021-09-01 23:10:46,106] INFO [Broker id=2] Leader __consumer_offsets-2 starts at leader epoch 0 from offset 0 with high watermark 0 ISR [2,1,0] addingReplicas [] removingReplicas []. Previous leader epoch was -1. (state.change.logger)
[2021-09-01 23:10:46,115] INFO [Broker id=0] Leader __consumer_offsets-21 starts at leader epoch 0 from offset 0 with high watermark 0 ISR [0,1,2] addingReplicas [] removingReplicas []. Previous leader epoch was -1. (state.change.logger)
[2021-09-01 23:10:46,118] INFO [Broker id=1] Leader __consumer_offsets-34 starts at leader epoch 0 from offset 0 with high watermark 0 ISR [1,2,0] addingReplicas [] removingReplicas []. Previous leader epoch was -1. (state.change.logger)
[2021-09-01 23:10:46,120] INFO [Broker id=2] Leader __consumer_offsets-23 starts at leader epoch 0 from offset 0 with high watermark 0 ISR [2,0,1] addingReplicas [] removingReplicas []. Previous leader epoch was -1. (state.change.logger)
[2021-09-01 23:10:46,122] INFO [Broker id=0] Leader __consumer_offsets-36 starts at leader epoch 0 from offset 0 with high watermark 0 ISR [0,2,1] addingReplicas [] removingReplicas []. Previous leader epoch was -1. (state.change.logger)
[2021-09-01 23:10:46,128] INFO [Broker id=0] Leader __consumer_offsets-6 starts at leader epoch 0 from offset 0 with high watermark 0 ISR [0,2,1] addingReplicas [] removingReplicas []. Previous leader epoch was -1. (state.change.logger)
[2021-09-01 23:10:46,129] INFO [Broker id=2] Leader __consumer_offsets-38 starts at leader epoch 0 from offset 0 with high watermark 0 ISR [2,1,0] addingReplicas [] removingReplicas []. Previous leader epoch was -1. (state.change.logger)
[2021-09-01 23:10:46,133] INFO [Broker id=1] Leader __consumer_offsets-4 starts at leader epoch 0 from offset 0 with high watermark 0 ISR [1,2,0] addingReplicas [] removingReplicas []. Previous leader epoch was -1. (state.change.logger)
[2021-09-01 23:10:46,135] INFO [Broker id=0] Leader __consumer_offsets-45 starts at leader epoch 0 from offset 0 with high watermark 0 ISR [0,1,2] addingReplicas [] removingReplicas []. Previous leader epoch was -1. (state.change.logger)
[2021-09-01 23:10:46,137] INFO [Broker id=2] Leader __consumer_offsets-8 starts at leader epoch 0 from offset 0 with high watermark 0 ISR [2,1,0] addingReplicas [] removingReplicas []. Previous leader epoch was -1. (state.change.logger)
[2021-09-01 23:10:46,143] INFO [Broker id=0] Leader __consumer_offsets-15 starts at leader epoch 0 from offset 0 with high watermark 0 ISR [0,1,2] addingReplicas [] removingReplicas []. Previous leader epoch was -1. (state.change.logger)
[2021-09-01 23:10:46,143] INFO [Broker id=1] Leader __consumer_offsets-25 starts at leader epoch 0 from offset 0 with high watermark 0 ISR [1,0,2] addingReplicas [] removingReplicas []. Previous leader epoch was -1. (state.change.logger)
[2021-09-01 23:10:46,144] INFO [Broker id=2] Leader __consumer_offsets-11 starts at leader epoch 0 from offset 0 with high watermark 0 ISR [2,0,1] addingReplicas [] removingReplicas []. Previous leader epoch was -1. (state.change.logger)
[2021-09-01 23:10:46,151] INFO [Broker id=0] Leader __consumer_offsets-30 starts at leader epoch 0 from offset 0 with high watermark 0 ISR [0,2,1] addingReplicas [] removingReplicas []. Previous leader epoch was -1. (state.change.logger)
[2021-09-01 23:10:46,152] INFO [Broker id=2] Leader __consumer_offsets-26 starts at leader epoch 0 from offset 0 with high watermark 0 ISR [2,1,0] addingReplicas [] removingReplicas []. Previous leader epoch was -1. (state.change.logger)
[2021-09-01 23:10:46,160] INFO [Broker id=0] Leader __consumer_offsets-0 starts at leader epoch 0 from offset 0 with high watermark 0 ISR [0,2,1] addingReplicas [] removingReplicas []. Previous leader epoch was -1. (state.change.logger)
[2021-09-01 23:10:46,160] INFO [Broker id=2] Leader __consumer_offsets-47 starts at leader epoch 0 from offset 0 with high watermark 0 ISR [2,0,1] addingReplicas [] removingReplicas []. Previous leader epoch was -1. (state.change.logger)
[2021-09-01 23:10:46,162] INFO [Broker id=1] Leader __consumer_offsets-40 starts at leader epoch 0 from offset 0 with high watermark 0 ISR [1,2,0] addingReplicas [] removingReplicas []. Previous leader epoch was -1. (state.change.logger)
[2021-09-01 23:10:46,168] INFO [Broker id=0] Follower __consumer_offsets-37 starts at leader epoch 0 from offset 0 with high watermark 0. Previous leader epoch was -1. (state.change.logger)
[2021-09-01 23:10:46,169] INFO [Broker id=2] Leader __consumer_offsets-17 starts at leader epoch 0 from offset 0 with high watermark 0 ISR [2,0,1] addingReplicas [] removingReplicas []. Previous leader epoch was -1. (state.change.logger)
[2021-09-01 23:10:46,173] INFO [Broker id=0] Follower __consumer_offsets-7 starts at leader epoch 0 from offset 0 with high watermark 0. Previous leader epoch was -1. (state.change.logger)
[2021-09-01 23:10:46,175] INFO [Broker id=1] Leader __consumer_offsets-43 starts at leader epoch 0 from offset 0 with high watermark 0 ISR [1,0,2] addingReplicas [] removingReplicas []. Previous leader epoch was -1. (state.change.logger)
[2021-09-01 23:10:46,177] INFO [Broker id=2] Leader __consumer_offsets-32 starts at leader epoch 0 from offset 0 with high watermark 0 ISR [2,1,0] addingReplicas [] removingReplicas []. Previous leader epoch was -1. (state.change.logger)
[2021-09-01 23:10:46,178] INFO [Broker id=0] Follower __consumer_offsets-22 starts at leader epoch 0 from offset 0 with high watermark 0. Previous leader epoch was -1. (state.change.logger)
[2021-09-01 23:10:46,183] INFO [Broker id=0] Follower __consumer_offsets-41 starts at leader epoch 0 from offset 0 with high watermark 0. Previous leader epoch was -1. (state.change.logger)
[2021-09-01 23:10:46,184] INFO [Broker id=1] Leader __consumer_offsets-13 starts at leader epoch 0 from offset 0 with high watermark 0 ISR [1,0,2] addingReplicas [] removingReplicas []. Previous leader epoch was -1. (state.change.logger)
[2021-09-01 23:10:46,187] INFO [Broker id=0] Follower __consumer_offsets-10 starts at leader epoch 0 from offset 0 with high watermark 0. Previous leader epoch was -1. (state.change.logger)
[2021-09-01 23:10:46,191] INFO [Broker id=0] Follower __consumer_offsets-29 starts at leader epoch 0 from offset 0 with high watermark 0. Previous leader epoch was -1. (state.change.logger)
[2021-09-01 23:10:46,191] INFO [Broker id=1] Leader __consumer_offsets-28 starts at leader epoch 0 from offset 0 with high watermark 0 ISR [1,2,0] addingReplicas [] removingReplicas []. Previous leader epoch was -1. (state.change.logger)
[2021-09-01 23:10:46,192] INFO [Broker id=2] Follower __consumer_offsets-3 starts at leader epoch 0 from offset 0 with high watermark 0. Previous leader epoch was -1. (state.change.logger)
[2021-09-01 23:10:46,196] INFO [Broker id=0] Follower __consumer_offsets-44 starts at leader epoch 0 from offset 0 with high watermark 0. Previous leader epoch was -1. (state.change.logger)
[2021-09-01 23:10:46,198] INFO [Broker id=1] Leader __consumer_offsets-49 starts at leader epoch 0 from offset 0 with high watermark 0 ISR [1,0,2] addingReplicas [] removingReplicas []. Previous leader epoch was -1. (state.change.logger)
[2021-09-01 23:10:46,201] INFO [Broker id=0] Follower __consumer_offsets-14 starts at leader epoch 0 from offset 0 with high watermark 0. Previous leader epoch was -1. (state.change.logger)
[2021-09-01 23:10:46,206] INFO [Broker id=0] Follower __consumer_offsets-19 starts at leader epoch 0 from offset 0 with high watermark 0. Previous leader epoch was -1. (state.change.logger)
[2021-09-01 23:10:46,206] INFO [Broker id=2] Follower __consumer_offsets-18 starts at leader epoch 0 from offset 0 with high watermark 0. Previous leader epoch was -1. (state.change.logger)
[2021-09-01 23:10:46,211] INFO [Broker id=1] Follower __consumer_offsets-3 starts at leader epoch 0 from offset 0 with high watermark 0. Previous leader epoch was -1. (state.change.logger)
[2021-09-01 23:10:46,211] INFO [Broker id=0] Follower __consumer_offsets-34 starts at leader epoch 0 from offset 0 with high watermark 0. Previous leader epoch was -1. (state.change.logger)
[2021-09-01 23:10:46,215] INFO [Broker id=0] Follower __consumer_offsets-4 starts at leader epoch 0 from offset 0 with high watermark 0. Previous leader epoch was -1. (state.change.logger)
[2021-09-01 23:10:46,216] INFO [Broker id=2] Follower __consumer_offsets-37 starts at leader epoch 0 from offset 0 with high watermark 0. Previous leader epoch was -1. (state.change.logger)
[2021-09-01 23:10:46,216] INFO [Broker id=1] Follower __consumer_offsets-18 starts at leader epoch 0 from offset 0 with high watermark 0. Previous leader epoch was -1. (state.change.logger)
[2021-09-01 23:10:46,220] INFO [Broker id=0] Follower __consumer_offsets-23 starts at leader epoch 0 from offset 0 with high watermark 0. Previous leader epoch was -1. (state.change.logger)
[2021-09-01 23:10:46,221] INFO [Broker id=1] Follower __consumer_offsets-41 starts at leader epoch 0 from offset 0 with high watermark 0. Previous leader epoch was -1. (state.change.logger)
[2021-09-01 23:10:46,224] INFO [Broker id=2] Follower __consumer_offsets-7 starts at leader epoch 0 from offset 0 with high watermark 0. Previous leader epoch was -1. (state.change.logger)
[2021-09-01 23:10:46,225] INFO [Broker id=0] Follower __consumer_offsets-38 starts at leader epoch 0 from offset 0 with high watermark 0. Previous leader epoch was -1. (state.change.logger)
[2021-09-01 23:10:46,227] INFO [Broker id=1] Follower __consumer_offsets-29 starts at leader epoch 0 from offset 0 with high watermark 0. Previous leader epoch was -1. (state.change.logger)
[2021-09-01 23:10:46,229] INFO [Broker id=2] Follower __consumer_offsets-22 starts at leader epoch 0 from offset 0 with high watermark 0. Previous leader epoch was -1. (state.change.logger)
[2021-09-01 23:10:46,230] INFO [Broker id=0] Follower __consumer_offsets-8 starts at leader epoch 0 from offset 0 with high watermark 0. Previous leader epoch was -1. (state.change.logger)
[2021-09-01 23:10:46,236] INFO [Broker id=0] Follower __consumer_offsets-11 starts at leader epoch 0 from offset 0 with high watermark 0. Previous leader epoch was -1. (state.change.logger)
[2021-09-01 23:10:46,237] INFO [Broker id=2] Follower __consumer_offsets-10 starts at leader epoch 0 from offset 0 with high watermark 0. Previous leader epoch was -1. (state.change.logger)
[2021-09-01 23:10:46,238] INFO [Broker id=1] Follower __consumer_offsets-44 starts at leader epoch 0 from offset 0 with high watermark 0. Previous leader epoch was -1. (state.change.logger)
[2021-09-01 23:10:46,241] INFO [Broker id=0] Follower __consumer_offsets-26 starts at leader epoch 0 from offset 0 with high watermark 0. Previous leader epoch was -1. (state.change.logger)
[2021-09-01 23:10:46,241] INFO [Broker id=2] Follower __consumer_offsets-33 starts at leader epoch 0 from offset 0 with high watermark 0. Previous leader epoch was -1. (state.change.logger)
[2021-09-01 23:10:46,242] INFO [Broker id=1] Follower __consumer_offsets-14 starts at leader epoch 0 from offset 0 with high watermark 0. Previous leader epoch was -1. (state.change.logger)
[2021-09-01 23:10:46,245] INFO [Broker id=0] Follower __consumer_offsets-49 starts at leader epoch 0 from offset 0 with high watermark 0. Previous leader epoch was -1. (state.change.logger)
[2021-09-01 23:10:46,246] INFO [Broker id=2] Follower __consumer_offsets-48 starts at leader epoch 0 from offset 0 with high watermark 0. Previous leader epoch was -1. (state.change.logger)
[2021-09-01 23:10:46,247] INFO [Broker id=1] Follower __consumer_offsets-33 starts at leader epoch 0 from offset 0 with high watermark 0. Previous leader epoch was -1. (state.change.logger)
[2021-09-01 23:10:46,253] INFO [Broker id=1] Follower __consumer_offsets-48 starts at leader epoch 0 from offset 0 with high watermark 0. Previous leader epoch was -1. (state.change.logger)
[2021-09-01 23:10:46,253] INFO [Broker id=2] Follower __consumer_offsets-19 starts at leader epoch 0 from offset 0 with high watermark 0. Previous leader epoch was -1. (state.change.logger)
[2021-09-01 23:10:46,253] INFO [Broker id=0] Follower __consumer_offsets-35 starts at leader epoch 0 from offset 0 with high watermark 0. Previous leader epoch was -1. (state.change.logger)
[2021-09-01 23:10:46,258] INFO [Broker id=0] Follower __consumer_offsets-5 starts at leader epoch 0 from offset 0 with high watermark 0. Previous leader epoch was -1. (state.change.logger)
[2021-09-01 23:10:46,259] INFO [Broker id=1] Follower __consumer_offsets-23 starts at leader epoch 0 from offset 0 with high watermark 0. Previous leader epoch was -1. (state.change.logger)
[2021-09-01 23:10:46,259] INFO [Broker id=2] Follower __consumer_offsets-34 starts at leader epoch 0 from offset 0 with high watermark 0. Previous leader epoch was -1. (state.change.logger)
[2021-09-01 23:10:46,263] INFO [Broker id=0] Follower __consumer_offsets-20 starts at leader epoch 0 from offset 0 with high watermark 0. Previous leader epoch was -1. (state.change.logger)
[2021-09-01 23:10:46,264] INFO [Broker id=1] Follower __consumer_offsets-38 starts at leader epoch 0 from offset 0 with high watermark 0. Previous leader epoch was -1. (state.change.logger)
[2021-09-01 23:10:46,266] INFO [Broker id=2] Follower __consumer_offsets-4 starts at leader epoch 0 from offset 0 with high watermark 0. Previous leader epoch was -1. (state.change.logger)
[2021-09-01 23:10:46,268] INFO [Broker id=0] Follower __consumer_offsets-31 starts at leader epoch 0 from offset 0 with high watermark 0. Previous leader epoch was -1. (state.change.logger)
[2021-09-01 23:10:46,269] INFO [Broker id=1] Follower __consumer_offsets-8 starts at leader epoch 0 from offset 0 with high watermark 0. Previous leader epoch was -1. (state.change.logger)
[2021-09-01 23:10:46,271] INFO [Broker id=2] Follower __consumer_offsets-45 starts at leader epoch 0 from offset 0 with high watermark 0. Previous leader epoch was -1. (state.change.logger)
[2021-09-01 23:10:46,273] INFO [Broker id=1] Follower __consumer_offsets-11 starts at leader epoch 0 from offset 0 with high watermark 0. Previous leader epoch was -1. (state.change.logger)
[2021-09-01 23:10:46,273] INFO [Broker id=0] Follower __consumer_offsets-46 starts at leader epoch 0 from offset 0 with high watermark 0. Previous leader epoch was -1. (state.change.logger)
[2021-09-01 23:10:46,277] INFO [Broker id=1] Follower __consumer_offsets-26 starts at leader epoch 0 from offset 0 with high watermark 0. Previous leader epoch was -1. (state.change.logger)
[2021-09-01 23:10:46,277] INFO [Broker id=0] Follower __consumer_offsets-1 starts at leader epoch 0 from offset 0 with high watermark 0. Previous leader epoch was -1. (state.change.logger)
[2021-09-01 23:10:46,281] INFO [Broker id=2] Follower __consumer_offsets-15 starts at leader epoch 0 from offset 0 with high watermark 0. Previous leader epoch was -1. (state.change.logger)
[2021-09-01 23:10:46,282] INFO [Broker id=1] Follower __consumer_offsets-45 starts at leader epoch 0 from offset 0 with high watermark 0. Previous leader epoch was -1. (state.change.logger)
[2021-09-01 23:10:46,282] INFO [Broker id=0] Follower __consumer_offsets-16 starts at leader epoch 0 from offset 0 with high watermark 0. Previous leader epoch was -1. (state.change.logger)
[2021-09-01 23:10:46,285] INFO [Broker id=2] Follower __consumer_offsets-30 starts at leader epoch 0 from offset 0 with high watermark 0. Previous leader epoch was -1. (state.change.logger)
[2021-09-01 23:10:46,286] INFO [Broker id=0] Follower __consumer_offsets-2 starts at leader epoch 0 from offset 0 with high watermark 0. Previous leader epoch was -1. (state.change.logger)
[2021-09-01 23:10:46,287] INFO [Broker id=1] Follower __consumer_offsets-15 starts at leader epoch 0 from offset 0 with high watermark 0. Previous leader epoch was -1. (state.change.logger)
[2021-09-01 23:10:46,291] INFO [Broker id=2] Follower __consumer_offsets-49 starts at leader epoch 0 from offset 0 with high watermark 0. Previous leader epoch was -1. (state.change.logger)
[2021-09-01 23:10:46,292] INFO [Broker id=0] Follower __consumer_offsets-25 starts at leader epoch 0 from offset 0 with high watermark 0. Previous leader epoch was -1. (state.change.logger)
[2021-09-01 23:10:46,293] INFO [Broker id=1] Follower __consumer_offsets-30 starts at leader epoch 0 from offset 0 with high watermark 0. Previous leader epoch was -1. (state.change.logger)
[2021-09-01 23:10:46,297] INFO [Broker id=0] Follower __consumer_offsets-40 starts at leader epoch 0 from offset 0 with high watermark 0. Previous leader epoch was -1. (state.change.logger)
[2021-09-01 23:10:46,297] INFO [Broker id=2] Follower __consumer_offsets-0 starts at leader epoch 0 from offset 0 with high watermark 0. Previous leader epoch was -1. (state.change.logger)
[2021-09-01 23:10:46,302] INFO [Broker id=0] Follower __consumer_offsets-43 starts at leader epoch 0 from offset 0 with high watermark 0. Previous leader epoch was -1. (state.change.logger)
[2021-09-01 23:10:46,306] INFO [Broker id=1] Follower __consumer_offsets-0 starts at leader epoch 0 from offset 0 with high watermark 0. Previous leader epoch was -1. (state.change.logger)
[2021-09-01 23:10:46,307] INFO [Broker id=2] Follower __consumer_offsets-39 starts at leader epoch 0 from offset 0 with high watermark 0. Previous leader epoch was -1. (state.change.logger)
[2021-09-01 23:10:46,315] INFO [Broker id=0] Follower __consumer_offsets-13 starts at leader epoch 0 from offset 0 with high watermark 0. Previous leader epoch was -1. (state.change.logger)
[2021-09-01 23:10:46,316] INFO [Broker id=2] Follower __consumer_offsets-9 starts at leader epoch 0 from offset 0 with high watermark 0. Previous leader epoch was -1. (state.change.logger)
[2021-09-01 23:10:46,317] INFO [Broker id=1] Follower __consumer_offsets-35 starts at leader epoch 0 from offset 0 with high watermark 0. Previous leader epoch was -1. (state.change.logger)
[2021-09-01 23:10:46,321] INFO [Broker id=0] Follower __consumer_offsets-28 starts at leader epoch 0 from offset 0 with high watermark 0. Previous leader epoch was -1. (state.change.logger)
[2021-09-01 23:10:46,322] INFO [Broker id=1] Follower __consumer_offsets-5 starts at leader epoch 0 from offset 0 with high watermark 0. Previous leader epoch was -1. (state.change.logger)
[2021-09-01 23:10:46,323] INFO [Broker id=2] Follower __consumer_offsets-24 starts at leader epoch 0 from offset 0 with high watermark 0. Previous leader epoch was -1. (state.change.logger)
[2021-09-01 23:10:46,328] INFO [Broker id=2] Follower __consumer_offsets-27 starts at leader epoch 0 from offset 0 with high watermark 0. Previous leader epoch was -1. (state.change.logger)
[2021-09-01 23:10:46,331] INFO [Broker id=1] Follower __consumer_offsets-20 starts at leader epoch 0 from offset 0 with high watermark 0. Previous leader epoch was -1. (state.change.logger)
[2021-09-01 23:10:46,334] INFO [Broker id=2] Follower __consumer_offsets-42 starts at leader epoch 0 from offset 0 with high watermark 0. Previous leader epoch was -1. (state.change.logger)
[2021-09-01 23:10:46,334] INFO [Broker id=0] Follower __consumer_offsets-47 starts at leader epoch 0 from offset 0 with high watermark 0. Previous leader epoch was -1. (state.change.logger)
[2021-09-01 23:10:46,339] INFO [Broker id=0] Follower __consumer_offsets-17 starts at leader epoch 0 from offset 0 with high watermark 0. Previous leader epoch was -1. (state.change.logger)
[2021-09-01 23:10:46,339] INFO [Broker id=2] Follower __consumer_offsets-12 starts at leader epoch 0 from offset 0 with high watermark 0. Previous leader epoch was -1. (state.change.logger)
[2021-09-01 23:10:46,343] INFO [Broker id=1] Follower __consumer_offsets-39 starts at leader epoch 0 from offset 0 with high watermark 0. Previous leader epoch was -1. (state.change.logger)
[2021-09-01 23:10:46,345] INFO [Broker id=2] Follower __consumer_offsets-31 starts at leader epoch 0 from offset 0 with high watermark 0. Previous leader epoch was -1. (state.change.logger)
[2021-09-01 23:10:46,347] INFO [Broker id=0] Follower __consumer_offsets-32 starts at leader epoch 0 from offset 0 with high watermark 0. Previous leader epoch was -1. (state.change.logger)
[2021-09-01 23:10:46,348] INFO [Broker id=0] Stopped fetchers as part of become-follower request from controller 0 epoch 1 with correlation id 27 for 33 partitions (state.change.logger)
[2021-09-01 23:10:46,351] INFO [Broker id=2] Follower __consumer_offsets-46 starts at leader epoch 0 from offset 0 with high watermark 0. Previous leader epoch was -1. (state.change.logger)
[2021-09-01 23:10:46,352] INFO [Broker id=1] Follower __consumer_offsets-9 starts at leader epoch 0 from offset 0 with high watermark 0. Previous leader epoch was -1. (state.change.logger)
[2021-09-01 23:10:46,361] INFO [Broker id=1] Follower __consumer_offsets-24 starts at leader epoch 0 from offset 0 with high watermark 0. Previous leader epoch was -1. (state.change.logger)
[2021-09-01 23:10:46,363] INFO [Broker id=2] Follower __consumer_offsets-1 starts at leader epoch 0 from offset 0 with high watermark 0. Previous leader epoch was -1. (state.change.logger)
[2021-09-01 23:10:46,366] INFO [Broker id=1] Follower __consumer_offsets-27 starts at leader epoch 0 from offset 0 with high watermark 0. Previous leader epoch was -1. (state.change.logger)
[2021-09-01 23:10:46,371] INFO [Broker id=2] Follower __consumer_offsets-16 starts at leader epoch 0 from offset 0 with high watermark 0. Previous leader epoch was -1. (state.change.logger)
[2021-09-01 23:10:46,372] INFO [Broker id=0] Add 50 partitions and deleted 0 partitions from metadata cache in response to UpdateMetadata request sent by controller 0 epoch 1 with correlation id 28 (state.change.logger)
[2021-09-01 23:10:46,373] INFO [Broker id=1] Follower __consumer_offsets-42 starts at leader epoch 0 from offset 0 with high watermark 0. Previous leader epoch was -1. (state.change.logger)
[2021-09-01 23:10:46,377] INFO [Broker id=2] Follower __consumer_offsets-21 starts at leader epoch 0 from offset 0 with high watermark 0. Previous leader epoch was -1. (state.change.logger)
[2021-09-01 23:10:46,379] INFO [Broker id=1] Follower __consumer_offsets-12 starts at leader epoch 0 from offset 0 with high watermark 0. Previous leader epoch was -1. (state.change.logger)
[2021-09-01 23:10:46,383] INFO [Broker id=1] Follower __consumer_offsets-2 starts at leader epoch 0 from offset 0 with high watermark 0. Previous leader epoch was -1. (state.change.logger)
[2021-09-01 23:10:46,388] INFO [Broker id=1] Follower __consumer_offsets-21 starts at leader epoch 0 from offset 0 with high watermark 0. Previous leader epoch was -1. (state.change.logger)
[2021-09-01 23:10:46,390] INFO [Broker id=2] Follower __consumer_offsets-36 starts at leader epoch 0 from offset 0 with high watermark 0. Previous leader epoch was -1. (state.change.logger)
[2021-09-01 23:10:46,393] INFO [Broker id=1] Follower __consumer_offsets-36 starts at leader epoch 0 from offset 0 with high watermark 0. Previous leader epoch was -1. (state.change.logger)
[2021-09-01 23:10:46,396] INFO [Broker id=2] Follower __consumer_offsets-6 starts at leader epoch 0 from offset 0 with high watermark 0. Previous leader epoch was -1. (state.change.logger)
[2021-09-01 23:10:46,397] INFO [Broker id=1] Follower __consumer_offsets-6 starts at leader epoch 0 from offset 0 with high watermark 0. Previous leader epoch was -1. (state.change.logger)
[2021-09-01 23:10:46,400] INFO [Broker id=2] Follower __consumer_offsets-25 starts at leader epoch 0 from offset 0 with high watermark 0. Previous leader epoch was -1. (state.change.logger)
[2021-09-01 23:10:46,402] INFO [Broker id=1] Follower __consumer_offsets-47 starts at leader epoch 0 from offset 0 with high watermark 0. Previous leader epoch was -1. (state.change.logger)
[2021-09-01 23:10:46,408] INFO [Broker id=1] Follower __consumer_offsets-17 starts at leader epoch 0 from offset 0 with high watermark 0. Previous leader epoch was -1. (state.change.logger)
[2021-09-01 23:10:46,408] INFO [Broker id=2] Follower __consumer_offsets-40 starts at leader epoch 0 from offset 0 with high watermark 0. Previous leader epoch was -1. (state.change.logger)
[2021-09-01 23:10:46,413] INFO [Broker id=2] Follower __consumer_offsets-43 starts at leader epoch 0 from offset 0 with high watermark 0. Previous leader epoch was -1. (state.change.logger)
[2021-09-01 23:10:46,413] INFO [Broker id=1] Follower __consumer_offsets-32 starts at leader epoch 0 from offset 0 with high watermark 0. Previous leader epoch was -1. (state.change.logger)
[2021-09-01 23:10:46,414] INFO [Broker id=1] Stopped fetchers as part of become-follower request from controller 0 epoch 1 with correlation id 26 for 33 partitions (state.change.logger)
[2021-09-01 23:10:46,417] INFO [Broker id=2] Follower __consumer_offsets-13 starts at leader epoch 0 from offset 0 with high watermark 0. Previous leader epoch was -1. (state.change.logger)
[2021-09-01 23:10:46,421] INFO [Broker id=2] Follower __consumer_offsets-28 starts at leader epoch 0 from offset 0 with high watermark 0. Previous leader epoch was -1. (state.change.logger)
[2021-09-01 23:10:46,421] INFO [Broker id=2] Stopped fetchers as part of become-follower request from controller 0 epoch 1 with correlation id 25 for 34 partitions (state.change.logger)
[2021-09-01 23:10:46,429] INFO [Broker id=1] Add 50 partitions and deleted 0 partitions from metadata cache in response to UpdateMetadata request sent by controller 0 epoch 1 with correlation id 27 (state.change.logger)
[2021-09-01 23:10:46,435] INFO [Broker id=2] Add 50 partitions and deleted 0 partitions from metadata cache in response to UpdateMetadata request sent by controller 0 epoch 1 with correlation id 26 (state.change.logger)
